address,date,stackAmt
0x90d94d98dcb39342aec485b7cef1c63f1c876c7c,Thu Sep 23 2021 12:22:16 GMT-0700 (Pacific Daylight Time),50398.166666666664
0x5282ee9a2301ad89433f8038c5ccf40c3649a85e,Fri Sep 24 2021 06:11:50 GMT-0700 (Pacific Daylight Time),150064.55453856263
0x4a60a51b200cfc0224645c515530dcb3effcb370,Mon Sep 20 2021 18:59:03 GMT-0700 (Pacific Daylight Time),149292.71521214576
0x535d2fe398d82e682e38275ea0093fd963847a9d,Wed Sep 22 2021 05:03:17 GMT-0700 (Pacific Daylight Time),1538.8090471655853
0xe27953e859203598387968f04f55fd130a234c67,Sat Sep 25 2021 11:05:38 GMT-0700 (Pacific Daylight Time),87917.90491858005
0x2f11fe7a88805f3afbe76f28d0ee7b090d4e99b,Mon Sep 20 2021 18:55:53 GMT-0700 (Pacific Daylight Time),155505.78400665702
0x8568e1a8082b442ae9be089a3b3888a25ae55f8c,Wed Sep 22 2021 06:28:10 GMT-0700 (Pacific Daylight Time),9506.270833333318
0x64f0d40a9dab3b3288782c91b168efb8531b5210,Mon Sep 20 2021 19:52:26 GMT-0700 (Pacific Daylight Time),50154.81939604144
0x8fe8686b254e6685d38eabdc88235d74bf0cbead,Mon Sep 20 2021 18:59:59 GMT-0700 (Pacific Daylight Time),1102.9848979166607
0x2f14a4abc940049de389973c8d4ad022712dafc6,Tue Sep 28 2021 20:39:00 GMT-0700 (Pacific Daylight Time),0.8115768432617188
0x2c4965962223405a7b3520b4cdcf2a401620d28d,Mon Sep 20 2021 20:00:34 GMT-0700 (Pacific Daylight Time),4407.09344228107
0x4a6c660b1ea3f599c785715cba79d0adfcc75521,Fri Sep 24 2021 08:53:34 GMT-0700 (Pacific Daylight Time),93446.11825566873
0xadf95e3e23d66ccbf6f1579375641e509fb32caf,Mon Sep 20 2021 19:12:09 GMT-0700 (Pacific Daylight Time),4447.645833333295
0xae160e14af421adffc08c29f597d3d2dcf69de4c,Mon Sep 20 2021 19:19:39 GMT-0700 (Pacific Daylight Time),18830.2082084591
0x542a5651f84145efaaf8dc470e2adc2922877807,Mon Sep 20 2021 19:20:52 GMT-0700 (Pacific Daylight Time),0.01430511474609375
0xc049085709fc6581152c1e1edeea53fae58fede1,Mon Sep 20 2021 20:22:09 GMT-0700 (Pacific Daylight Time),2.0742568969726562
0x7b2dcadceac7b472409eceeca489fee8b5db2de4,Mon Sep 20 2021 19:49:28 GMT-0700 (Pacific Daylight Time),12647.519580229411
0xd05b62115aec325ae5103b291a8d0c94fcad0e11,Mon Sep 20 2021 19:24:43 GMT-0700 (Pacific Daylight Time),15188.436760636296
0xaf64f945d16e02a665e794b004da2678a58c85c4,Fri Sep 24 2021 23:36:53 GMT-0700 (Pacific Daylight Time),151348.59628454465
0x57be31b403ed3dcd8033a19d85afbdbb8ce3c3a8,Mon Sep 27 2021 02:38:56 GMT-0700 (Pacific Daylight Time),0.034332275390625
0xb5605dce63d93f3de1ff88fa1c3bb3bb72075e5d,Fri Sep 24 2021 15:33:24 GMT-0700 (Pacific Daylight Time),100000.96935038247
0xa30464f0fb8b81e6db96424c29e04c9d397a0c20,Mon Sep 27 2021 11:12:59 GMT-0700 (Pacific Daylight Time),42375.32867416614
0x574dff221131dd87b995263c823fc2cc069497d6,Mon Sep 27 2021 04:02:04 GMT-0700 (Pacific Daylight Time),3459.821206744486
0x29059f184faa0a32c83971c8951829c8be27d3f3,Sat Sep 25 2021 08:35:47 GMT-0700 (Pacific Daylight Time),4643.997916666647
0x4e42a2d7333abf7eb2e73b256f8d215d671dd751,Mon Sep 27 2021 19:53:05 GMT-0700 (Pacific Daylight Time),105610.28203224293
0x9979ca3f09ace14230d5c5883fc75e31e4693941,Mon Sep 20 2021 19:39:42 GMT-0700 (Pacific Daylight Time),344024.8656959815
0x154c08be7f1a96f0a71c467745065691baa36d45,Mon Sep 27 2021 22:36:05 GMT-0700 (Pacific Daylight Time),150969.3333333333
0xeefbc827847d018d79095216674112eda4be2ec2,Sat Sep 25 2021 12:46:13 GMT-0700 (Pacific Daylight Time),50734.5
0x81943e185a96cab33580cfcf3e3cf98212574b88,Mon Sep 20 2021 19:42:51 GMT-0700 (Pacific Daylight Time),16663.920761262612
0x9734223269742c4c683c93a507cfb5a97252023a,Fri Sep 24 2021 13:00:44 GMT-0700 (Pacific Daylight Time),11669.793110647866
0xdba190dd872d013b606f22f0650fd93405bb9c61,Mon Sep 27 2021 02:12:20 GMT-0700 (Pacific Daylight Time),19380.81249999992
0xc66fb0f838430b7f4d1def40e3bbe85990cf50ba,Wed Sep 22 2021 12:27:26 GMT-0700 (Pacific Daylight Time),12752.557705106763
0x6021c8fdaf2c499ace509b9197dc3f7093817127,Tue Sep 28 2021 18:58:34 GMT-0700 (Pacific Daylight Time),82169.67531571264
0x68321c407aa92cf001c2e766cfba4259e9d9a1ad,Mon Sep 20 2021 19:45:28 GMT-0700 (Pacific Daylight Time),1316.4166666666665
0xf5c2fdde417e51c63a0ec0875f9bce27b439d8dc,Wed Sep 22 2021 10:26:54 GMT-0700 (Pacific Daylight Time),12812.590236209402
0x3fc379b04edbd35a662b43deb055a2811605a98c,Mon Sep 20 2021 19:47:11 GMT-0700 (Pacific Daylight Time),0.1430511474609375
0x64953dce96ea74651264ba0dce1ad6bab620977,Mon Sep 27 2021 23:40:03 GMT-0700 (Pacific Daylight Time),67010.9916666664
0x7cf67a1a486d5716517a989f180112ba26d1afcf,Mon Sep 20 2021 20:19:21 GMT-0700 (Pacific Daylight Time),109056.74498004308
0xce460b2aafcce7e1722439c54c2ce7effacb0d82,Mon Sep 20 2021 19:51:47 GMT-0700 (Pacific Daylight Time),18595.81674365576
0x85905b40a61fdbadbb4372bb3ef4e9da60ebc98d,Mon Sep 27 2021 04:55:38 GMT-0700 (Pacific Daylight Time),151558.46673448148
0xf2327b04521589f505c7074c163805843a4bd6cd,Wed Sep 22 2021 06:00:14 GMT-0700 (Pacific Daylight Time),16812.965739324827
0xa5aed6dbf3ad1311a5c95610c7d9e9b1a40ec7f2,Mon Sep 27 2021 17:58:05 GMT-0700 (Pacific Daylight Time),115623.48560912367
0xc6e42dc67758e9151937574ba513a988dd4ccd1,Thu Sep 23 2021 19:18:36 GMT-0700 (Pacific Daylight Time),103661.75048902842
0x96d63a88a95bd3270590d95a36a33cb85173f94a,Mon Sep 20 2021 19:57:38 GMT-0700 (Pacific Daylight Time),4059.8916666666505
0x67808baf60456f41ada9d9aa9840c88ff325d8ae,Mon Sep 20 2021 20:03:36 GMT-0700 (Pacific Daylight Time),0.14400482177734375
0xfe13dd552833fb3498d0645274d847e06a5ab086,Thu Sep 23 2021 06:44:49 GMT-0700 (Pacific Daylight Time),50113.0249999998
0x16e95f6bf27f0b16b19ad7d07635e69c49897272,Mon Sep 27 2021 17:40:55 GMT-0700 (Pacific Daylight Time),103524.90024055386
0x2f1fbfd195854f6d0bc45d1e420c2d46549eb624,Mon Sep 20 2021 20:12:01 GMT-0700 (Pacific Daylight Time),4185.501421483202
0xfa13a3c6cf759e00f726991eb6dfe4e5e3a09d6f,Thu Sep 23 2021 12:32:54 GMT-0700 (Pacific Daylight Time),1831.5412499999925
0x7e98d97e0703a79299b65cb57a992a77a5079678,Fri Sep 24 2021 00:38:07 GMT-0700 (Pacific Daylight Time),21275.695276896156
0x55b451320a34ce88fc8f1a1d9156e2aeb8aad6cb,Mon Sep 20 2021 20:18:44 GMT-0700 (Pacific Daylight Time),1948.9083333333256
0x574c30f968dc3dce3f1ec5d842b9e81ff5905000,Wed Sep 22 2021 16:37:03 GMT-0700 (Pacific Daylight Time),159734.75045873577
0xe8b8fd186c026eda9e48f5f19732dd2f86d568d9,Mon Sep 20 2021 20:19:17 GMT-0700 (Pacific Daylight Time),18832.5
0x41e1fe38d7de3a10ed9291c44435ae29fb0d2a8,Sun Sep 26 2021 17:00:38 GMT-0700 (Pacific Daylight Time),21298.5
0xe9f22205f0996f2681a88e248b0851786fab5dda,Mon Sep 20 2021 20:22:09 GMT-0700 (Pacific Daylight Time),0.00476837158203125
0x8a14b7523cc6a17cc88043422cdc31cafc698735,Mon Sep 20 2021 20:24:33 GMT-0700 (Pacific Daylight Time),10577.833333333334
0xa153dcfe203509cf292634ac3bcaf5ca1d4cc517,Mon Sep 20 2021 20:25:01 GMT-0700 (Pacific Daylight Time),74.91624999999969
0x72512ed8f521d2a041d74fc3b064f3ad71bb17d1,Mon Sep 20 2021 20:26:23 GMT-0700 (Pacific Daylight Time),361.4258333333319
0xe76091f84ddf27f9e773ca8bd2090830943f615c,Tue Sep 21 2021 21:33:28 GMT-0700 (Pacific Daylight Time),15799.02252604163
0x8072566fcdbe9e1827c57a8091085a3095bd4cf0,Mon Sep 20 2021 20:31:52 GMT-0700 (Pacific Daylight Time),8049.274999999968
0x75e1bec21ad7c4e94cc4512d876e52f0b7293820,Mon Sep 27 2021 21:40:33 GMT-0700 (Pacific Daylight Time),65193.75798788635
0x10c6b59014c9bb38ce1da0282e83fef7c569a6e8,Mon Sep 20 2021 20:36:50 GMT-0700 (Pacific Daylight Time),0.00095367431640625
0x9257be26753ad5bf01a4faa396948aca5e39d6db,Mon Sep 20 2021 20:38:25 GMT-0700 (Pacific Daylight Time),3731.441666666652
0x2a1ca52f11a7f0aa923a6739d49c69004c7246e1,Fri Sep 24 2021 17:23:12 GMT-0700 (Pacific Daylight Time),150910.16666666284
0x7a0e0d1d041e8afa497ba9219016588e1da1ac33,Mon Sep 27 2021 19:37:38 GMT-0700 (Pacific Daylight Time),8830
0x5ba17875ea5f3baa8e9a06aaf973ba7c21994c40,Sun Sep 26 2021 14:15:04 GMT-0700 (Pacific Daylight Time),23041.708333333307
0xcbd6b0dee49eea88a3343ff4e5a2423586b4c1d6,Sun Sep 26 2021 18:41:02 GMT-0700 (Pacific Daylight Time),48539.29583333314
0xaab4667dd4a832e2a8072e51d527af07425da7e0,Mon Sep 20 2021 22:58:28 GMT-0700 (Pacific Daylight Time),15682.288385591026
0x5da487ea7278e25288fd4f0f9243e3fa61bc7443,Mon Sep 20 2021 20:57:56 GMT-0700 (Pacific Daylight Time),154665.0231161538
0xab231ec29c05eff58574f6acbb9440b7e0fa8626,Fri Sep 24 2021 12:26:30 GMT-0700 (Pacific Daylight Time),30052.92436880751
0x1d5522626729349812a71d812d14af8af1f7aa26,Mon Sep 20 2021 20:54:10 GMT-0700 (Pacific Daylight Time),3862.37975500118
0x156bfac22afb58e3511311b7ca0b66b48e1f5015,Wed Sep 22 2021 02:43:39 GMT-0700 (Pacific Daylight Time),15217.658333333273
0x2157bc570973d06aa4ce1c1e5c0ed7db9cbcf49b,Mon Sep 20 2021 20:56:41 GMT-0700 (Pacific Daylight Time),55879.7432791864
0x4c9e53bc2551b8a3d785e0b59dfeec02c9ff9708,Mon Sep 20 2021 20:57:56 GMT-0700 (Pacific Daylight Time),29966.887151550716
0xd8245043a3f339400dcfffc7a9e6f22a264b933d,Mon Sep 20 2021 20:58:28 GMT-0700 (Pacific Daylight Time),114.09124999999955
0xe29eca6437dd8f39faa01fa74b6eea0178d3bf77,Mon Sep 20 2021 21:05:52 GMT-0700 (Pacific Daylight Time),53513.21081931555
0x9dcf96b9e91e5250f0106197d6b396d736ddc680,Mon Sep 20 2021 20:59:27 GMT-0700 (Pacific Daylight Time),16554.33343333322
0x738175db2c999581f29163e6d4d3516ad4af8834,Fri Sep 24 2021 20:25:26 GMT-0700 (Pacific Daylight Time),0.12874603271484375
0xc1e42f862d202b4a0ed552c1145735ee088f6ccf,Mon Sep 20 2021 21:01:40 GMT-0700 (Pacific Daylight Time),51616.62499999981
0xee2088961ec93aca30b0a3c7920f821b17bd749b,Sat Sep 25 2021 23:18:27 GMT-0700 (Pacific Daylight Time),5981.169166666643
0x1b8f7ef9c12841ca94ee6652f0d5e9646a1168f,Sat Sep 25 2021 23:10:48 GMT-0700 (Pacific Daylight Time),8980.134583333296
0xe5499a32bbfedd563f87c6fcb05d5eb0333ac996,Fri Sep 24 2021 15:55:21 GMT-0700 (Pacific Daylight Time),10433.820438885448
0xe3d25aed695427e1b9c6ab5208c6ccdbbbf85467,Mon Sep 20 2021 21:05:26 GMT-0700 (Pacific Daylight Time),17399.052126441944
0x70f8a9242a870ef4acf9a24aef57ebb32273be20,Mon Sep 20 2021 21:16:11 GMT-0700 (Pacific Daylight Time),7898.086958743792
0x679c9a7fb9379b3673a1a6687b17131e4599ef3c,Mon Sep 20 2021 21:07:45 GMT-0700 (Pacific Daylight Time),0.01430511474609375
0x408b0903a56e6b7b19078f06a8f6caf88a8cc72b,Tue Sep 28 2021 05:30:33 GMT-0700 (Pacific Daylight Time),77906.78588076508
0xc3f1e77b74503162194ad5578f181ecbbb9abdd3,Thu Sep 23 2021 08:26:00 GMT-0700 (Pacific Daylight Time),10885.75
0x84ab6aeda45c85b910c363a454c5c0e93d8691a2,Tue Sep 21 2021 21:38:58 GMT-0700 (Pacific Daylight Time),19357.17529999988
0x747197638a7af760e221636405c747aab7952cc6,Thu Sep 23 2021 07:55:25 GMT-0700 (Pacific Daylight Time),134059.3621477706
0x54af3f7c7dbb94293f94ee15dbfd819c572b9235,Mon Sep 20 2021 21:21:29 GMT-0700 (Pacific Daylight Time),0.1430511474609375
0x5cd334c41cd8da95be22d44de617fed9ce12363a,Mon Sep 27 2021 11:05:00 GMT-0700 (Pacific Daylight Time),1524.607945294924
0x86f0f5d2cec81f9fd69332a2aac8872188fdd8d,Mon Sep 20 2021 21:21:57 GMT-0700 (Pacific Daylight Time),50000.4269336541
0xbc60aa031a9f34bd7992c99eae5e2c4dd1b5dbc3,Fri Sep 24 2021 18:47:27 GMT-0700 (Pacific Daylight Time),31211.351453145347
0xaa0dee58a36b72c774317eb5f71afb2a04c85527,Mon Sep 27 2021 14:33:35 GMT-0700 (Pacific Daylight Time),88382.29962910393
0xe8e61db7918bd88e5ff764ad5393e87d7aaef9ad,Mon Sep 20 2021 21:52:36 GMT-0700 (Pacific Daylight Time),44430.70291257619
0xc6068433585ed0141315122bf17a39b39acae511,Tue Sep 21 2021 12:25:13 GMT-0700 (Pacific Daylight Time),19758.5
0x8b7a5b22175614ee194e9e02e9fe0a1b5414c75e,Mon Sep 20 2021 21:37:57 GMT-0700 (Pacific Daylight Time),151893.9390987337
0x7ae941cc02130954b4bcbf3137a89df19d768716,Wed Sep 29 2021 01:23:23 GMT-0700 (Pacific Daylight Time),30069.326249999882
0x6a01af210dce01f44b5067fc688641384a8bce5b,Mon Sep 20 2021 21:44:00 GMT-0700 (Pacific Daylight Time),79112.49076536045
0xd91a59e45ebb5179bea3901ea504ed2fb099f62d,Mon Sep 20 2021 22:41:11 GMT-0700 (Pacific Daylight Time),160371.60214867242
0x4dea1185da6dc1dafa103601e88ecfc5d6f6cf67,Mon Sep 20 2021 21:53:50 GMT-0700 (Pacific Daylight Time),4553.833333333333
0xdb995c1264821e0fe5230ae86db05a6592478723,Tue Sep 28 2021 12:52:51 GMT-0700 (Pacific Daylight Time),102638.65556724962
0xe9225f057a16f600c4ee2b6c169e93534381d0d0,Mon Sep 20 2021 21:54:29 GMT-0700 (Pacific Daylight Time),2891.7208333333215
0xf486d56cce70c481b3455af901fcc4f03fee8107,Tue Sep 21 2021 07:31:00 GMT-0700 (Pacific Daylight Time),80706.73342386559
0xb8b7c175659f7dd9930b4823be72fd8acb5e18e6,Mon Sep 20 2021 21:55:45 GMT-0700 (Pacific Daylight Time),0.019801483154296876
0x60e2a272b6233d4fe08908bfa6ea44518501732a,Sun Sep 26 2021 23:38:38 GMT-0700 (Pacific Daylight Time),56836.153980289644
0xf60f773494889f18fc7eabbcd5705334bb7cc6dc,Mon Sep 20 2021 21:55:46 GMT-0700 (Pacific Daylight Time),7885.729166666635
0xcd76be8e31f3eb171b404b13c0d660a9463f633e,Mon Sep 20 2021 21:55:58 GMT-0700 (Pacific Daylight Time),21915.149999999914
0x5774c601c1d485590949b99d386705164f31a953,Tue Sep 28 2021 14:12:44 GMT-0700 (Pacific Daylight Time),95886.75
0xca5ec2afd63a192de5aa103f134bb59f0e47f7f,Mon Sep 20 2021 22:01:48 GMT-0700 (Pacific Daylight Time),997
0xf0142fecd89e3f5d50ae8f0f5d04cadcdf62bddd,Mon Sep 20 2021 22:02:12 GMT-0700 (Pacific Daylight Time),0.016217498779296877
0x729250be25dc878dd400bf5bef702de77c83493e,Mon Sep 20 2021 22:02:34 GMT-0700 (Pacific Daylight Time),16230.719166666602
0x7c3410819f4dd207358e48adb7a8006d58fa828e,Mon Sep 20 2021 22:06:20 GMT-0700 (Pacific Daylight Time),1485.0577209082007
0x14eb987f50389df4229d01c44e65dc27e29679c2,Wed Sep 29 2021 03:54:30 GMT-0700 (Pacific Daylight Time),92886.4795115607
0xbfb744bf537a17fdcd66e79c0231e6cfeaa428b9,Mon Sep 20 2021 22:09:19 GMT-0700 (Pacific Daylight Time),50615.45925798901
0x29ac25d705966859a33e7957d8c56c2c6736ac0e,Mon Sep 20 2021 22:17:09 GMT-0700 (Pacific Daylight Time),75.23958333333303
0xd5e81c75b48172a38afeca96e8f07f5107abec13,Mon Sep 27 2021 03:46:49 GMT-0700 (Pacific Daylight Time),23582.083333333336
0x253a1e3f78e0966956b75ec32bd4a52b9a564cfc,Mon Sep 20 2021 22:22:23 GMT-0700 (Pacific Daylight Time),1216.2920833333285
0xbaa81e92c1c6ad6aebd1b69ad67c019815143de7,Mon Sep 20 2021 22:24:29 GMT-0700 (Pacific Daylight Time),12.697083333333282
0x449d9bab5855d53864969defeeaf0148f7c104f2,Mon Sep 20 2021 22:26:15 GMT-0700 (Pacific Daylight Time),152675.14926442457
0xce58e2e708f1118715e3028b7f220f07ca84b48d,Mon Sep 20 2021 22:29:16 GMT-0700 (Pacific Daylight Time),23202.042112400457
0x7f5ccfb50d9087a572a80ec2585bde8e0377625c,Mon Sep 27 2021 02:02:25 GMT-0700 (Pacific Daylight Time),88143.83333333334
0x7af761df929afd00b21d0c493150b98f39c2831f,Sat Sep 25 2021 04:48:32 GMT-0700 (Pacific Daylight Time),6411.84834109279
0xb7b240a6f0169fad876a891864638c72f1faf3fb,Wed Sep 22 2021 06:02:13 GMT-0700 (Pacific Daylight Time),3.6673003808593747
0x9242cf44047b58ff0fbfe8428ab39f2faadff7e,Sun Sep 26 2021 23:11:14 GMT-0700 (Pacific Daylight Time),19627.415501477073
0x23c0954c4b997c58a1544717de90c8e174ea194c,Thu Sep 23 2021 07:21:44 GMT-0700 (Pacific Daylight Time),50016.97391714605
0x8f791f061d7f36dc07de081ad88f87d71be1585e,Sat Sep 25 2021 21:27:03 GMT-0700 (Pacific Daylight Time),102341.51877740567
0xef291527c74d6c10b6b533d0ee45ab9c92669c5c,Fri Sep 24 2021 15:39:47 GMT-0700 (Pacific Daylight Time),12161.228958129883
0xcad6b5d246e2b539da91dc63d3ba11a9cf595647,Sun Sep 26 2021 23:13:12 GMT-0700 (Pacific Daylight Time),5174.0254166666455
0xb03be385f4da2b881f0215dc780b26a6e65fc0bd,Tue Sep 28 2021 18:28:35 GMT-0700 (Pacific Daylight Time),298.28732045491415
0x3b66c992860abd1ec94b917e222dca78ad55032f,Tue Sep 28 2021 23:01:53 GMT-0700 (Pacific Daylight Time),69684.1108854165
0xead6605b9e105e28bd35e9f494131c10c1281ce9,Mon Sep 20 2021 22:42:13 GMT-0700 (Pacific Daylight Time),17112.977519832504
0x6b01291db2ee6a34a347c789cc3495e290aec96d,Mon Sep 20 2021 22:42:42 GMT-0700 (Pacific Daylight Time),0.04768371582031249
0xcbc4bbb402a8cd4d352d2cdc79ce160ef0c0a771,Mon Sep 20 2021 22:45:15 GMT-0700 (Pacific Daylight Time),0.01430511474609375
0x847a2f955aabd9df4f7c04bb1a7ecdb8203d6ab9,Thu Sep 23 2021 01:58:11 GMT-0700 (Pacific Daylight Time),76577.73080833028
0xd3feedc8e702a9f191737c0482b685b74be48cfa,Mon Sep 27 2021 23:18:21 GMT-0700 (Pacific Daylight Time),22382.965360896098
0x104d39c07f2c2b29b2104ea39c15730146a70d4c,Tue Sep 28 2021 10:12:01 GMT-0700 (Pacific Daylight Time),25869.534917009445
0x79295c5e060f2d25d5d6349cc828987e35cd0551,Tue Sep 28 2021 01:31:41 GMT-0700 (Pacific Daylight Time),11238.408749999955
0xd4c5211966074126b8f932596a26a34e5ae31d45,Mon Sep 20 2021 22:52:27 GMT-0700 (Pacific Daylight Time),56070.99999999999
0x9faa6a2cd5385fc277498254e535eb617ffd0c63,Mon Sep 27 2021 05:36:49 GMT-0700 (Pacific Daylight Time),10448.508333333291
0x3ab3a7abbd72e8fb5249c2f77c373dd379f4d19f,Sat Sep 25 2021 10:24:35 GMT-0700 (Pacific Daylight Time),15494.828283335855
0xca968044effff14bee263ca6af3b9823f1968f37,Mon Sep 20 2021 22:59:42 GMT-0700 (Pacific Daylight Time),27074.918766666386
0x2cbede72bebd90663ca79d2ba48b6c4b45a2b20a,Tue Sep 28 2021 00:30:01 GMT-0700 (Pacific Daylight Time),323.3054166666655
0x64e2e9c7df51861ac4492551baf1fd6e3286074,Mon Sep 20 2021 23:05:34 GMT-0700 (Pacific Daylight Time),55972.46030028827
0xfe85948329dcedd0236535ad9b5570f79c1b870,Tue Sep 21 2021 02:50:46 GMT-0700 (Pacific Daylight Time),176492.82149385876
0x4bb6b621d91a5816da8ad6cb5405d36ae4068502,Mon Sep 20 2021 23:08:16 GMT-0700 (Pacific Daylight Time),8643.533266666322
0x58d58008a506d6e29c9e57fc465dfd6c2342cf5f,Tue Sep 21 2021 00:31:24 GMT-0700 (Pacific Daylight Time),150518.9707085808
0x5f527d60ba42c3515e6a221d0db375a11b965631,Mon Sep 27 2021 11:33:09 GMT-0700 (Pacific Daylight Time),102729.76249999995
0xf6769fbe1ece4e9e851c1c30af8fbada0d07d84d,Tue Sep 28 2021 04:42:14 GMT-0700 (Pacific Daylight Time),128604.80198957477
0xd94da55433369cb75283ab5deac0158b6b7e2ca9,Mon Sep 20 2021 23:18:23 GMT-0700 (Pacific Daylight Time),1917.0383333333257
0x8114e78965b7f7e52e35b2cfbe33973a4ef320cb,Wed Sep 22 2021 23:08:21 GMT-0700 (Pacific Daylight Time),15400.264999999943
0x8ba709eaf978fefac67f16688b9bb56e58d634c0,Mon Sep 20 2021 23:23:55 GMT-0700 (Pacific Daylight Time),23375.275946794525
0x3948243ab118759fbf5e1d25fa11a98b75ddbcf,Mon Sep 20 2021 23:37:30 GMT-0700 (Pacific Daylight Time),32429.531567838538
0xa7d7ac8fe7e8693b5599c69cc7d4f6226677845b,Mon Sep 20 2021 23:41:55 GMT-0700 (Pacific Daylight Time),15128.674287110767
0xb421c39249d92c55a0edb75e270c780b605439b,Mon Sep 20 2021 23:46:47 GMT-0700 (Pacific Daylight Time),60760.111666666424
0x5498104a55f4c4d28fd850f89bad7a9a1f0caa5a,Sun Sep 26 2021 14:17:06 GMT-0700 (Pacific Daylight Time),42792.8530819872
0xdd98b9e40f29b6e8126db8a0ec683303b7c6626a,Sat Sep 25 2021 11:01:13 GMT-0700 (Pacific Daylight Time),15833.53226542953
0xbd3bcf36e0df2f0bc502b7c57f1f34b3218cb78b,Tue Sep 28 2021 23:43:30 GMT-0700 (Pacific Daylight Time),35922.65670798892
0xb340a3fe97a7e9ef1536d1df6e5b6da8112d9667,Mon Sep 20 2021 23:59:53 GMT-0700 (Pacific Daylight Time),15126.585246088822
0xcc7d4edeb816736fb97a263b7233848924c499c,Tue Sep 21 2021 00:02:19 GMT-0700 (Pacific Daylight Time),16776.007499999934
0x426a04b46e1052712b021213a63fe40e5376f8cf,Tue Sep 21 2021 00:02:29 GMT-0700 (Pacific Daylight Time),2.5030670166015625
0xc9cf2afd5d29aedba89a4fe7310e8ba7c49637e4,Sat Sep 25 2021 10:11:31 GMT-0700 (Pacific Daylight Time),15060.02504526774
0xacd3b41e5b21e8b23b2ed054645316a9b1db287,Tue Sep 28 2021 12:54:42 GMT-0700 (Pacific Daylight Time),22270.073900181353
0xb543ff233257496c7a1a38550b728c5240e24b97,Tue Sep 21 2021 00:19:40 GMT-0700 (Pacific Daylight Time),50001.680975501185
0xce2f6f6a51f725049d7d56ab11c09a096360398a,Tue Sep 28 2021 13:58:06 GMT-0700 (Pacific Daylight Time),0.12400421142578125
0xa7bc4f5d1205161856efca9142a798f1d80c4319,Mon Sep 27 2021 04:45:30 GMT-0700 (Pacific Daylight Time),53101.73147488913
0x9b11b6d5eaf7dcc3dc2d65067e585ac814a0e29c,Tue Sep 21 2021 00:23:27 GMT-0700 (Pacific Daylight Time),3294.596356610586
0x3753fa57980fd180655c281158e428ca994d6dfa,Tue Sep 28 2021 13:48:45 GMT-0700 (Pacific Daylight Time),28880.183333333305
0x39f2fcfdd65573d4c1e6dc2d16c161d160e1e5e6,Tue Sep 21 2021 00:29:43 GMT-0700 (Pacific Daylight Time),3402.020833333277
0xc51505386b5a1d3e7ecb88cec112796d8cee0250,Tue Sep 21 2021 00:30:46 GMT-0700 (Pacific Daylight Time),0.7629547119140625
0x6db7424be3298b0081af4e698f828c57b68f4a2b,Tue Sep 21 2021 00:34:23 GMT-0700 (Pacific Daylight Time),985.1423931296881
0xa2d638ada840080de73971e49a52eaf00ce18474,Tue Sep 21 2021 00:44:25 GMT-0700 (Pacific Daylight Time),70868.4875079938
0x64251b330ea5615e4a638131409a6aba1d7e621,Fri Sep 24 2021 19:13:53 GMT-0700 (Pacific Daylight Time),0.14305114746093747
0xac6307b9784e734ebabf54ff527196e8ca1db1db,Tue Sep 21 2021 00:48:13 GMT-0700 (Pacific Daylight Time),51807.151666666454
0x82acbee0e21ca256f5cbb32b7b141a774457569a,Tue Sep 21 2021 00:55:59 GMT-0700 (Pacific Daylight Time),0.00095367431640625
0x6c70e5fc4e4926cd836a6f8b0645aa1a077fa605,Tue Sep 21 2021 00:56:00 GMT-0700 (Pacific Daylight Time),0.1430511474609375
0x9619c22a991a1bd146788045340adc033bd70af1,Wed Sep 29 2021 02:49:38 GMT-0700 (Pacific Daylight Time),14814.75
0x59828178d98df883e6c96a11498d53bb7e953b6f,Thu Sep 23 2021 00:04:55 GMT-0700 (Pacific Daylight Time),15204.680384184285
0x1eedcd7c2334463c51b4af75c96b983be7ed4d39,Wed Sep 29 2021 03:19:55 GMT-0700 (Pacific Daylight Time),12601.084751727682
0xdb8ec64a4c4ee6947ff92cab667b3ebb3cf0a2df,Thu Sep 23 2021 22:41:33 GMT-0700 (Pacific Daylight Time),952.6799999999961
0xe7c3d8ac90105f410df978ab326b6b19fdcc8821,Tue Sep 21 2021 01:11:31 GMT-0700 (Pacific Daylight Time),0.01430511474609375
0xd2414a2aa971b8f1ee135e04b235b27ca6f71b49,Tue Sep 21 2021 01:17:36 GMT-0700 (Pacific Daylight Time),5232.383333333312
0xab8d35199ef3ebddf0e8ffafde52890342ea8982,Thu Sep 23 2021 00:14:26 GMT-0700 (Pacific Daylight Time),2535.205138448075
0x333be3261d637c822db11085af4ad9e59aaa2ffa,Wed Sep 22 2021 03:23:54 GMT-0700 (Pacific Daylight Time),15425.666666666666
0xd743d6bf977184ea4fc93cbb6203a98860b44b6e,Tue Sep 21 2021 01:24:44 GMT-0700 (Pacific Daylight Time),15201.779166666614
0xca432d0e2a7014679c3671597a6863892e511ebd,Tue Sep 21 2021 01:26:43 GMT-0700 (Pacific Daylight Time),6848.333333333333
0x3727220a0062dc00c08cc53186ca2d1cd3babe2f,Tue Sep 21 2021 01:33:30 GMT-0700 (Pacific Daylight Time),12822.63749999995
0x2dc55c094ee20b08ea028e56c9dd628aa050ceb8,Tue Sep 21 2021 01:34:13 GMT-0700 (Pacific Daylight Time),17473.516666666597
0xfe274ff2846a414e690606c2ed2ccc4ad6bb9c53,Fri Sep 24 2021 08:29:44 GMT-0700 (Pacific Daylight Time),57682.66833333312
0x7cbeab8adc6ce442b5640592134af57eef4bb5a5,Wed Sep 29 2021 03:11:01 GMT-0700 (Pacific Daylight Time),101644.72098824251
0xb290cf8563092909ae825d6c61216093f692903e,Fri Sep 24 2021 03:36:46 GMT-0700 (Pacific Daylight Time),5311.833333333334
0x65358518df1ceb3dd6c1084e8258d8b9bcfb07f,Sat Sep 25 2021 21:31:46 GMT-0700 (Pacific Daylight Time),18170.20711666637
0xa1301bc880de06b84be4d9150105c6b8cc6202b2,Tue Sep 21 2021 01:56:22 GMT-0700 (Pacific Daylight Time),0.017322540283203125
0x86f6f04cc49ec06c560991716602134416a7fd9a,Tue Sep 21 2021 01:58:45 GMT-0700 (Pacific Daylight Time),5000.001112014866
0x9bc447a0d216ce21c9008583059953107607709c,Fri Sep 24 2021 03:52:16 GMT-0700 (Pacific Daylight Time),51510.458533583755
0x79d899379844d35a1a1f5d51d3185dd821f44dc1,Wed Sep 22 2021 12:04:36 GMT-0700 (Pacific Daylight Time),10210.774134318035
0x50dbca500f48171427aebb84346e3db759979db9,Tue Sep 21 2021 02:08:59 GMT-0700 (Pacific Daylight Time),52734.36182779427
0x94b9a0be6c4c4d3d9686fd9932b33d508b088ce1,Tue Sep 21 2021 02:06:14 GMT-0700 (Pacific Daylight Time),15177.085163200185
0x5c88d839d1e55adb60a4576a8225bea3761c276a,Tue Sep 21 2021 02:06:36 GMT-0700 (Pacific Daylight Time),2853.8677256989436
0x56f39a055710fb915ff84860edd89cb41ae5434d,Tue Sep 21 2021 02:08:39 GMT-0700 (Pacific Daylight Time),5965.583333333309
0x5db16fefce9e8ba024d064268b041c68ed7f9fbc,Thu Sep 23 2021 00:30:01 GMT-0700 (Pacific Daylight Time),52086.36451145601
0xe26067c76fdbe877f48b0a8400cf5db8b47af0fe,Tue Sep 21 2021 02:11:23 GMT-0700 (Pacific Daylight Time),23196.999999999207
0x5c620c6daa7f78921a643640e88350917a2972f1,Tue Sep 21 2021 02:14:30 GMT-0700 (Pacific Daylight Time),0.04768371582031249
0x8bced9d03f4c3bc59a0bcf91933191285af67268,Sun Sep 26 2021 20:41:59 GMT-0700 (Pacific Daylight Time),0.14400482177734375
0x453721d8f20513944a0edc7230ec2709552f7e17,Tue Sep 21 2021 05:43:23 GMT-0700 (Pacific Daylight Time),63654.42951444657
0x8bacb93d08fd9e02716b210b7f176539954070c6,Sat Sep 25 2021 09:21:45 GMT-0700 (Pacific Daylight Time),13863.075977349175
0x29ec103aef6826dac798a0354e8b7ef65b582db5,Mon Sep 27 2021 02:27:42 GMT-0700 (Pacific Daylight Time),14512.04166666661
0x3166663a8245d3fc59fd740c711d9408280c72d0,Tue Sep 21 2021 02:43:49 GMT-0700 (Pacific Daylight Time),150163.7240057932
0xf759ca10cec2fa9a5a5c496794f908c3786697a9,Tue Sep 21 2021 02:47:48 GMT-0700 (Pacific Daylight Time),4957.395833333314
0x5a49fc8bc3e9b50c728f1da119139799ef20f42,Tue Sep 21 2021 02:52:23 GMT-0700 (Pacific Daylight Time),15688.804166666603
0x7e3058ebee6e5f3adb830dfb02746830a22ae0af,Sun Sep 26 2021 18:14:33 GMT-0700 (Pacific Daylight Time),15113.718724614377
0xb3c0bc50b421ba2106b8d358d9cbe13efc096418,Tue Sep 21 2021 03:20:32 GMT-0700 (Pacific Daylight Time),0.2288970947265625
0xf718a1bf37d25e0ef982130cea60bd0dde2042dc,Tue Sep 21 2021 03:28:44 GMT-0700 (Pacific Daylight Time),2.2888336181640625
0x437d478160b0a4ecc5fe0b888d323a8b88e58087,Tue Sep 21 2021 03:39:29 GMT-0700 (Pacific Daylight Time),0.005245208740234375
0x942b04e62bd86b1e273f3df3e52b7a980b5f07ba,Tue Sep 21 2021 03:41:00 GMT-0700 (Pacific Daylight Time),3273.166666666667
0xe59c9ca7ffa00471aa2ada42c0a65c6caabd06b8,Tue Sep 28 2021 03:42:52 GMT-0700 (Pacific Daylight Time),13059.563935038233
0xdc0a486efaa04e033da5ebd6f5caf3d924f3a159,Sun Sep 26 2021 22:00:30 GMT-0700 (Pacific Daylight Time),4.4749704895019535
0xb582984bc225c4bd387c75557321e15c3ac6a0ad,Wed Sep 22 2021 15:06:54 GMT-0700 (Pacific Daylight Time),6165.991916402157
0x1d2ea60e0e19fbee07ef88db15ea697aa8cc6b6,Fri Sep 24 2021 18:36:18 GMT-0700 (Pacific Daylight Time),14059.6833832698
0x72959497201a7e931d8460dfa28935ca8db2a91d,Tue Sep 21 2021 04:50:35 GMT-0700 (Pacific Daylight Time),19179.5351630635
0x45e48c0a6fe8b759652624451c83387130c58367,Tue Sep 21 2021 21:07:42 GMT-0700 (Pacific Daylight Time),49882.95983913047
0x5c3bf7df54dd257c1477a08dc6a348147e4a261,Tue Sep 21 2021 04:51:47 GMT-0700 (Pacific Daylight Time),1137.0291609837461
0xd4a45d8055ac000a4bbd7f3c6007d491d7f3c529,Wed Sep 29 2021 04:38:31 GMT-0700 (Pacific Daylight Time),95324.5
0x92e40c3ac7f668631b508cee97002b64415af8b2,Tue Sep 28 2021 20:28:03 GMT-0700 (Pacific Daylight Time),239285.84083333323
0x6cfe9755269786f6681518c00bd22801f98f9e57,Tue Sep 21 2021 05:29:01 GMT-0700 (Pacific Daylight Time),257171.66666666666
0x26859cca6e07d96d8c69c1d699abfb1e88fec4c1,Sun Sep 26 2021 13:39:17 GMT-0700 (Pacific Daylight Time),60648.80805460214
0xfed751d3f6f122555c34c1726ff67eacdc500bfa,Tue Sep 28 2021 05:01:09 GMT-0700 (Pacific Daylight Time),8687.006249999966
0xe8afb7c355b68a2a9c616e7877d0ef3352c59d5a,Tue Sep 21 2021 05:48:35 GMT-0700 (Pacific Daylight Time),97.86499999999961
0x3b6750fdd854ed73cae240df7d16fbb3eedcd9cc,Tue Sep 21 2021 05:56:01 GMT-0700 (Pacific Daylight Time),2677.666666666667
0x5cbd0b14c1ee0a389091d6a419dd60c1efc83f7d,Tue Sep 21 2021 06:14:55 GMT-0700 (Pacific Daylight Time),7900.324999999969
0x15befb758090caf23caf09dcdc107426bb1f07b,Tue Sep 21 2021 06:15:24 GMT-0700 (Pacific Daylight Time),75039.78333333303
0xef8117bf1f261e7e82e44c46ead0cfa0c02b11e1,Mon Sep 27 2021 10:16:42 GMT-0700 (Pacific Daylight Time),8764.679856974248
0xdfabe7934aeae84f1816126927d3dc278d67aa06,Tue Sep 21 2021 06:48:02 GMT-0700 (Pacific Daylight Time),15358.368302676665
0x8ff55b93a1ed400e8bc44dc0026459209700a704,Tue Sep 21 2021 15:07:57 GMT-0700 (Pacific Daylight Time),43398.83378345412
0x65d3113f809180b1e263f38b8404941a6a7f5299,Sun Sep 26 2021 18:16:00 GMT-0700 (Pacific Daylight Time),488611.81251629477
0x1ce33afd0e70ad410a74e855dd9871f2b31f3eee,Tue Sep 21 2021 06:42:28 GMT-0700 (Pacific Daylight Time),19570.8810296929
0x6fbfed625112b8587b3009453329f31250c80e63,Tue Sep 21 2021 06:55:25 GMT-0700 (Pacific Daylight Time),2155.666666666667
0xf47e14851901bdf07747a7676f5451fd4e6dbae9,Tue Sep 21 2021 07:01:56 GMT-0700 (Pacific Daylight Time),1581.6666666666667
0xb13f13c0e99f24b96a835b787d1347b33d87776,Mon Sep 27 2021 09:46:51 GMT-0700 (Pacific Daylight Time),173470.51173721623
0x6562a7e32a35c479b9044a75d96ae38a9fe12ab7,Tue Sep 21 2021 07:45:13 GMT-0700 (Pacific Daylight Time),16957.067499999932
0x55907cf476998d2f58591c6d0a10ecbbe249a8eb,Tue Sep 28 2021 09:48:26 GMT-0700 (Pacific Daylight Time),46844.20232091786
0x65711ee91afc72398e7f9db2f8b0f73a87cc524c,Sat Sep 25 2021 04:59:57 GMT-0700 (Pacific Daylight Time),3816.5828314037867
0x8d586f380846dca988cb3b345231af02f989c411,Mon Sep 27 2021 21:41:36 GMT-0700 (Pacific Daylight Time),31400.274382186486
0x734740c70db02f5710207f1d12df47c710665206,Sun Sep 26 2021 22:37:14 GMT-0700 (Pacific Daylight Time),40271.92389338993
0xd2594436a220e90495cb3066b24d37a8252fac0c,Wed Sep 29 2021 04:20:08 GMT-0700 (Pacific Daylight Time),15010.764231778929
0x21dbd14795baec7614b53b7b2429919aefe84c76,Tue Sep 21 2021 09:04:44 GMT-0700 (Pacific Daylight Time),1912.4999999999998
0x55e35dca91c08fbd691292fae7f78c026c294ac9,Tue Sep 21 2021 09:12:49 GMT-0700 (Pacific Daylight Time),16248.69725494728
0xefbcf1d651e5e1c2ba57bafd54f88e9f5057d8f2,Wed Sep 22 2021 07:28:25 GMT-0700 (Pacific Daylight Time),7420.166666666666
0x92b9abc4fd0a6d3c3ca8118346b8a61feba7910c,Tue Sep 21 2021 09:19:49 GMT-0700 (Pacific Daylight Time),937.5416666666666
0xb2801900fb83990284f394ae48182602c3c7fc51,Tue Sep 21 2021 09:26:45 GMT-0700 (Pacific Daylight Time),591.0499999999976
0x29e262bb27d945b2643b4947954ddace9a412688,Tue Sep 21 2021 09:28:43 GMT-0700 (Pacific Daylight Time),0.00095367431640625
0x743fd6d924ae32ccddb377f11d43129cdd0d0d00,Tue Sep 21 2021 09:29:58 GMT-0700 (Pacific Daylight Time),5815.166666666667
0x89a180a1fdf7bef50d1ba45b5456e14f6e44255,Tue Sep 21 2021 09:31:39 GMT-0700 (Pacific Daylight Time),2038.1361193588307
0x221c3cdb3dc4ffddb0564227d205b7f0cbac1cf,Sat Sep 25 2021 10:08:43 GMT-0700 (Pacific Daylight Time),38378.5
0x99954f7561577f2f683054c949c839fcafa0ae7a,Sun Sep 26 2021 13:02:12 GMT-0700 (Pacific Daylight Time),27607.044356536862
0xdfe7ad3e0cc6fb0798e66c67c72927c49fc42478,Tue Sep 21 2021 10:10:05 GMT-0700 (Pacific Daylight Time),17053.563952296437
0x8df962bb69f75e2388f39297a85a31fbd3fcffd9,Sun Sep 26 2021 10:38:52 GMT-0700 (Pacific Daylight Time),26112.75
0x929d5a005b067754bc3de93cb354282a2e31cbe8,Tue Sep 21 2021 11:39:28 GMT-0700 (Pacific Daylight Time),15485.878798259384
0xfe917312344b4ed3283c5e142868cd3eaa782933,Sun Sep 26 2021 14:32:45 GMT-0700 (Pacific Daylight Time),1289.7716420491483
0xed6f7f3944cde2812405dfc7aef96a3f989b8a1c,Fri Sep 24 2021 10:27:54 GMT-0700 (Pacific Daylight Time),104672.51040729467
0x70f11dbd21809ebcd4c6604581103506a6a8443a,Tue Sep 21 2021 11:59:16 GMT-0700 (Pacific Daylight Time),4332.064472540683
0x464fb9cdf750bdb0d9ca2a823aa90648606bd27c,Tue Sep 21 2021 13:02:14 GMT-0700 (Pacific Daylight Time),5934.833333333334
0xa36d8079fec0eb1921731ae6214ba6c267fd9b82,Tue Sep 21 2021 13:10:17 GMT-0700 (Pacific Daylight Time),124423.02438953087
0x9623a7dfb605f693c9725278cf78bd2f53f0d407,Tue Sep 21 2021 14:35:10 GMT-0700 (Pacific Daylight Time),10061.808280154826
0x4a7998df2cd16815271bb6b7d3ae7eb30f50a73a,Tue Sep 21 2021 15:08:27 GMT-0700 (Pacific Daylight Time),1.5114708581542968
0x58bcae299794f50aa7e607189a8f8cc7330021cc,Tue Sep 21 2021 15:27:44 GMT-0700 (Pacific Daylight Time),3927.112492786268
0x9a45c63ef50d0cc8ccdaffc54ea5ac8007313a6f,Tue Sep 28 2021 02:37:53 GMT-0700 (Pacific Daylight Time),108939.21542628022
0xb8ef60d0e15fdd1e9eca0e7ee9071cbef1dc0e61,Sat Sep 25 2021 05:33:04 GMT-0700 (Pacific Daylight Time),123846.08333333333
0x6a6743b85899cc2571c8034e209f74f5a92a0e9b,Tue Sep 21 2021 16:22:00 GMT-0700 (Pacific Daylight Time),6177.749999999885
0xd049ff9e69a3960a33ed27cf63f5b53debc0981,Tue Sep 28 2021 15:38:14 GMT-0700 (Pacific Daylight Time),16666.49166666665
0xaec0346bd9635cebad7bbd0fa8d0fe4282dbcb99,Mon Sep 27 2021 02:44:07 GMT-0700 (Pacific Daylight Time),51305.46208633753
0xebcea89d0e3beb500449f7216bb0f456d1fd93cb,Tue Sep 21 2021 17:16:23 GMT-0700 (Pacific Daylight Time),15471.166160173885
0xc79c88386c95130bf7c20a184cb8281ed639fab4,Tue Sep 28 2021 21:41:31 GMT-0700 (Pacific Daylight Time),150318.6059764087
0x17518effe921c5ff6e9afc9673315bc12fbb2f48,Tue Sep 21 2021 17:43:30 GMT-0700 (Pacific Daylight Time),0.01621246337890625
0xafb8f9c89197bcc1953bc6dc2bd5d6a9b681c6be,Tue Sep 21 2021 18:04:12 GMT-0700 (Pacific Daylight Time),15164.447499999944
0x4558dffbc15ed774f551ad1fe76a3b1f81601a4f,Tue Sep 21 2021 18:16:59 GMT-0700 (Pacific Daylight Time),307252.9317148483
0x29d400e1eafbfb418b4129f2776785a7c7cfc50b,Tue Sep 21 2021 18:18:40 GMT-0700 (Pacific Daylight Time),0.019073486328125
0xbd33b53b6394d72145250900d3c64518679591d8,Tue Sep 21 2021 19:24:11 GMT-0700 (Pacific Daylight Time),15043.333333333332
0xf7b10d603907658f690da534e9b7dbc4dab3e2d6,Tue Sep 28 2021 21:49:35 GMT-0700 (Pacific Daylight Time),31454.744462832216
0x77e8e466a2b0223596671f56e6a238561c8d5bfe,Tue Sep 21 2021 19:52:45 GMT-0700 (Pacific Daylight Time),186.64374999999924
0x8afaed312996c8a3984c83e9d092faa970f9d055,Fri Sep 24 2021 09:24:15 GMT-0700 (Pacific Daylight Time),30868
0x7834e0a49149811b7763849a5dc4b6882fe0da9,Sun Sep 26 2021 23:16:20 GMT-0700 (Pacific Daylight Time),63430.99999999947
0x9be06783d8df6f483071805311e3dd55032eb88e,Tue Sep 21 2021 20:15:18 GMT-0700 (Pacific Daylight Time),983.9729166666627
0x4947b8804e2d484f97c1e11ce565509641986848,Sat Sep 25 2021 00:29:42 GMT-0700 (Pacific Daylight Time),46079.41666666612
0xcbdccb3e11777da45a2f2c9b3ae323d90b1f8a87,Tue Sep 21 2021 20:49:32 GMT-0700 (Pacific Daylight Time),15822
0x3ad42878ce4d5570003f26b378c9d9663d9269ae,Tue Sep 21 2021 21:00:53 GMT-0700 (Pacific Daylight Time),200.8124999999992
0x97c2b6867f1f87334b4521f0403e7d9d25cfd1b4,Tue Sep 21 2021 21:08:52 GMT-0700 (Pacific Daylight Time),0.762969970703125
0xd9f84fb0a94d3594374ec295dd90b54eebaadfef,Sun Sep 26 2021 18:25:44 GMT-0700 (Pacific Daylight Time),10565.343112164364
0xaf749ca22395604e4d064c35e2caa27ba96b1b55,Thu Sep 23 2021 16:15:23 GMT-0700 (Pacific Daylight Time),0.01432586669921875
0x2d8dcf3a96fee8a195e8989493d0b9e47e9fe922,Tue Sep 28 2021 19:21:54 GMT-0700 (Pacific Daylight Time),50043.35366295883
0x9ef0e7a0d3404267f12e6511f5b70fca263ab62e,Tue Sep 21 2021 21:42:34 GMT-0700 (Pacific Daylight Time),13421.833333333332
0xa30f30f100d9e4dd294c8475316d3e982e87880d,Fri Sep 24 2021 09:06:00 GMT-0700 (Pacific Daylight Time),15087.194893775755
0x5ae1bb3c234ce4436133d4c4b6a8665257cc0acb,Sun Sep 26 2021 21:51:29 GMT-0700 (Pacific Daylight Time),27576.319551415447
0xab0922c53e751abfc39121a54e9352f56f8bb5c1,Tue Sep 21 2021 22:03:57 GMT-0700 (Pacific Daylight Time),4148.4916666666495
0x62fa9f3548611888bc96f5ae5a2eca1ef91d4b0e,Tue Sep 21 2021 22:06:43 GMT-0700 (Pacific Daylight Time),15035.226597011831
0xf3c9ad2f3bd897d12b0fab2d53b1dd62cb8f9d6e,Tue Sep 28 2021 20:45:26 GMT-0700 (Pacific Daylight Time),0.09584426879882812
0xfb36414d530448c43b114d15fd9263967c176285,Tue Sep 21 2021 22:50:49 GMT-0700 (Pacific Daylight Time),0.01430511474609375
0x213f6b2680dce3e4d0924acff3e4e34520ef9ba1,Tue Sep 28 2021 23:13:07 GMT-0700 (Pacific Daylight Time),25604.531021015362
0xa6634f3d083b0380a99770e53dcb1afd8f5843ed,Tue Sep 21 2021 22:53:41 GMT-0700 (Pacific Daylight Time),28682.308333333218
0x30571c35b84e01613383d631c10cc8afaf83977,Wed Sep 22 2021 02:09:10 GMT-0700 (Pacific Daylight Time),0.01430511474609375
0xd69b785529d9f27e6891af1c2fec0677f4220f00,Tue Sep 21 2021 23:16:33 GMT-0700 (Pacific Daylight Time),0.000476837158203125
0x74e254f0ea90e8caa5da6f62ee29b9f71eea8ee5,Sun Sep 26 2021 22:09:21 GMT-0700 (Pacific Daylight Time),17276.833333333336
0x8966fdf202807726c4686a69e3b41f2f8ec5a19f,Tue Sep 21 2021 23:38:51 GMT-0700 (Pacific Daylight Time),6689.666666666666
0x9ad4d3ae94ba9156b0dbc1e036047c7a435d087c,Wed Sep 22 2021 00:11:35 GMT-0700 (Pacific Daylight Time),30016.00433091836
0x31f6c08b8d6e16b2f04c77afc05bd6328ee099b0,Mon Sep 27 2021 06:05:55 GMT-0700 (Pacific Daylight Time),52704.5521150138
0x7e86b2e9b9e6c0ee02b0200648d9fcf20557e3c5,Fri Sep 24 2021 09:30:15 GMT-0700 (Pacific Daylight Time),16736.499999999625
0x1f11ecfa5aafb66315dcf57c7bb7dca9a079ddbe,Mon Sep 27 2021 02:12:57 GMT-0700 (Pacific Daylight Time),19182.247950371773
0x4b72a4b89313ed03c2f6b6182f6655dc34e0dd33,Wed Sep 29 2021 00:28:16 GMT-0700 (Pacific Daylight Time),2835.2499999999886
0xf635d8f535ffd55b22290348eeb1d3432f4582f1,Mon Sep 27 2021 03:17:53 GMT-0700 (Pacific Daylight Time),9348.677083333296
0x2d51cab9ce3dbacda14aa65c5236d73b583bd156,Wed Sep 29 2021 03:40:24 GMT-0700 (Pacific Daylight Time),125098.92447621658
0x540615ace7036247dc4c4b221384e09ad0229d1f,Sat Sep 25 2021 00:37:27 GMT-0700 (Pacific Daylight Time),789.7010914232234
0xef05fd87f8de951aa15b1e20def0e25449d2d79b,Wed Sep 22 2021 03:00:58 GMT-0700 (Pacific Daylight Time),2.288848876953125
0x759c5f293edc487aa02186f0099864ebc53191c1,Mon Sep 27 2021 05:29:19 GMT-0700 (Pacific Daylight Time),150217.3899999994
0x7e9afa3c28916f1d84f55bcdc30c63ad9a19ce0e,Thu Sep 23 2021 12:42:17 GMT-0700 (Pacific Daylight Time),10093.537499999991
0x6f24b0abcce33e3d8fb15ef00bf8bc331ec99af4,Mon Sep 27 2021 20:03:55 GMT-0700 (Pacific Daylight Time),15002.495562423303
0x62d02bdfa853ba3aae25135574979de19a29e92c,Wed Sep 22 2021 05:22:50 GMT-0700 (Pacific Daylight Time),51495.854894786884
0x7aa97d92dfffce73ea03c18b231d874b768366fa,Wed Sep 29 2021 02:11:31 GMT-0700 (Pacific Daylight Time),8439.333333333332
0x767775bda4f0abd259b52b58b2d2e4dce6410228,Wed Sep 22 2021 06:40:36 GMT-0700 (Pacific Daylight Time),0.01430511474609375
0xfe6f78cb8a7ce764173659edc7d643df4c9f2763,Wed Sep 22 2021 06:56:14 GMT-0700 (Pacific Daylight Time),0.2289581298828125
0xf1386d9e197b8461c6a4b12e70d7106c27d40f3c,Wed Sep 22 2021 07:04:24 GMT-0700 (Pacific Daylight Time),1527.060833333327
0x31720474d79e0d42894dfa663cbead0b8611211,Tue Sep 28 2021 02:37:38 GMT-0700 (Pacific Daylight Time),65329.09734090169
0xb0151d256ee16d847f080691c3529f316b2d54b3,Sat Sep 25 2021 09:16:11 GMT-0700 (Pacific Daylight Time),66109.5
0x61ccf1ad4ae3964eea9cc776552daae3397ab264,Mon Sep 27 2021 10:00:31 GMT-0700 (Pacific Daylight Time),26563.958333332892
0xf526ba3e671f7f44c953892c1ef594f6f12d5986,Tue Sep 28 2021 04:53:36 GMT-0700 (Pacific Daylight Time),344.9887537195773
0x8531a60336d1cc89790377477f38937a87a0e22,Wed Sep 22 2021 08:40:25 GMT-0700 (Pacific Daylight Time),4156.4341666666505
0x6d75103366ef7604e9c26c435670ac26b5651723,Mon Sep 27 2021 07:11:41 GMT-0700 (Pacific Daylight Time),56217
0x947ac690b32290e4535ac342d25a65a01125a544,Wed Sep 22 2021 09:09:22 GMT-0700 (Pacific Daylight Time),0.04768371582031249
0xb76ad9b3b5da12cf3214aea433ec25751d340a4c,Tue Sep 28 2021 19:12:56 GMT-0700 (Pacific Daylight Time),17429.166666666668
0x9469c98be5afd94cd601e094bc401ddd37f480a3,Sun Sep 26 2021 12:27:24 GMT-0700 (Pacific Daylight Time),50191.9687499998
0x6c0cf880cb20eefabfb09341fba9e2bd29ad3dfa,Sun Sep 26 2021 19:52:44 GMT-0700 (Pacific Daylight Time),181149.11282763147
0x309bcc55fe9cca749cff42eb94a846823d27bce6,Wed Sep 22 2021 11:00:50 GMT-0700 (Pacific Daylight Time),11815.524999999996
0x26000e54c00750689ff4d01f691cd2abe5ad387,Thu Sep 23 2021 04:15:06 GMT-0700 (Pacific Daylight Time),1200.1666666666667
0xad82aecd14d42aa19f5b6175e23937f33d25babe,Wed Sep 22 2021 11:22:29 GMT-0700 (Pacific Daylight Time),8544.666666666666
0x34a32ad4ba1ea1eb02ccd3ed5b9af9a8d8ea07a8,Wed Sep 22 2021 11:39:28 GMT-0700 (Pacific Daylight Time),17689.71249999993
0x4c2a6c5d15502c41c4d290f5ddd600878ff31da3,Wed Sep 22 2021 11:41:31 GMT-0700 (Pacific Daylight Time),0.01430511474609375
0x8177598e08ee8199c160a48c7a0af31ab54bb59f,Wed Sep 29 2021 02:26:55 GMT-0700 (Pacific Daylight Time),16168.034532470627
0x17a1615422fde0daaa329944080e6ac66168f7e9,Wed Sep 22 2021 11:54:12 GMT-0700 (Pacific Daylight Time),51.31478859496639
0x283125b8dba28469eeb4bae5e1acfe44df9d101a,Wed Sep 22 2021 12:13:48 GMT-0700 (Pacific Daylight Time),3374.9166666666224
0xa737feccab922c70f4655ef5b47998a51643e908,Thu Sep 23 2021 05:54:00 GMT-0700 (Pacific Daylight Time),11149.003719329834
0x5da8f360600d035d45a3e7ef998645bb030326c8,Wed Sep 22 2021 13:07:21 GMT-0700 (Pacific Daylight Time),105.00749999999958
0x397382acb7b201b83f8b4833a01094ef8f319c10,Wed Sep 22 2021 13:14:19 GMT-0700 (Pacific Daylight Time),6937.833333333333
0x97fb0eda14c48073332915a0f30b52f37958b7e3,Wed Sep 22 2021 13:51:00 GMT-0700 (Pacific Daylight Time),16411.491815617308
0xd515e42e6ec8d35e5c4ae7a62f02000d3c18424a,Wed Sep 22 2021 14:01:26 GMT-0700 (Pacific Daylight Time),153688.37467420936
0x725fc8fe91dcf9343dd80342a93e45f2923c7334,Tue Sep 28 2021 23:15:13 GMT-0700 (Pacific Daylight Time),10461.5
0x4327a9667a4e25f7e0b3482f3321bb286182f992,Sat Sep 25 2021 22:23:09 GMT-0700 (Pacific Daylight Time),16118.333333333332
0x271ae5a9e689ee106eef2e70861122aaf2a3135f,Wed Sep 22 2021 15:14:35 GMT-0700 (Pacific Daylight Time),1790
0x17fcca662acaf83e70ecb6f22aed45f53252590a,Tue Sep 28 2021 17:16:25 GMT-0700 (Pacific Daylight Time),168768.5
0x66b34642f7f9d5494dc10a9b1cdb9411ec11590f,Tue Sep 28 2021 17:15:59 GMT-0700 (Pacific Daylight Time),107953.4999999986
0x3edeb829ddc8763b3c1e77223e71b7370fd1b8c2,Wed Sep 22 2021 15:56:39 GMT-0700 (Pacific Daylight Time),0.06727081298828125
0x2b06268e775beac77fafd8bf1e7eeb4ab0407f2,Wed Sep 22 2021 16:31:24 GMT-0700 (Pacific Daylight Time),1824.9249999999927
0xa797dd9d337c332783bf442a0cee37a694081745,Tue Sep 28 2021 09:17:47 GMT-0700 (Pacific Daylight Time),13728.666666666666
0x9f8e5596538ef0e6e4f16fba13b02732c48547ed,Sun Sep 26 2021 19:15:27 GMT-0700 (Pacific Daylight Time),15350.266666666605
0x4c55c41bd839b3552fb2abecacfdf4a5d2879cb9,Wed Sep 22 2021 17:52:39 GMT-0700 (Pacific Daylight Time),30326.266666666055
0x80c008a7c9ec056158cb1f64024e710c8398048a,Wed Sep 22 2021 17:55:36 GMT-0700 (Pacific Daylight Time),0.000762939453125
0xea704d7c14d0073c5548ed19b73bfd060a618079,Wed Sep 22 2021 17:56:50 GMT-0700 (Pacific Daylight Time),761.8333333333334
0xcd503415ce8073cce04eb72e75a2f692759a250d,Wed Sep 22 2021 18:40:31 GMT-0700 (Pacific Daylight Time),15004.333333333334
0x9fb470ae1278be58fe7511f465812d44696f98f1,Wed Sep 22 2021 18:52:20 GMT-0700 (Pacific Daylight Time),27226.551203416762
0x4a337d1df22d0d3077caefd083a1b70aa168d087,Wed Sep 22 2021 19:10:38 GMT-0700 (Pacific Daylight Time),475.5833333333333
0xe3262eede42a5eb5189b7a57443257d35f7fb5f7,Wed Sep 22 2021 19:31:44 GMT-0700 (Pacific Daylight Time),41198.515730277446
0x32f84aeff59ddebc55797f321624826d873bf65,Tue Sep 28 2021 05:01:52 GMT-0700 (Pacific Daylight Time),2578.045254262287
0x34a370d288734d23bc48a926cad90a6615abe4e3,Tue Sep 28 2021 20:19:08 GMT-0700 (Pacific Daylight Time),54038.311989124566
0x756062d39a728aa33998ff953eab4a3bd91f726a,Wed Sep 22 2021 19:33:04 GMT-0700 (Pacific Daylight Time),25511.9708568716
0x2aa4dbf8462b3eec6e8b8134b6ba8f8cd84fd1cb,Wed Sep 22 2021 19:35:33 GMT-0700 (Pacific Daylight Time),9407.916666666666
0x5c5b6cade3f45fca78aac5a9877f1b73c51300e3,Wed Sep 22 2021 19:47:18 GMT-0700 (Pacific Daylight Time),4201.666666666667
0x35e057137060cd397bd82e3dff54beba480e7012,Fri Sep 24 2021 12:54:34 GMT-0700 (Pacific Daylight Time),41420.40651112562
0xa57e56deb2c03f647286cf9250a98f275f06a76e,Wed Sep 22 2021 22:01:05 GMT-0700 (Pacific Daylight Time),6251.866200764975
0xc41e114ae06e1dcb884d9ff25c4937a3f85abe9f,Wed Sep 22 2021 20:40:08 GMT-0700 (Pacific Daylight Time),27672.166666666668
0xee9651b7cd2b578531c8f7537a2dd5552106e450,Sun Sep 26 2021 22:52:45 GMT-0700 (Pacific Daylight Time),4789.333333333334
0xa34bd732f29963e663f5b5cbbe390eb336bede69,Wed Sep 22 2021 22:27:49 GMT-0700 (Pacific Daylight Time),0.0095367431640625
0xb665c82968e40e135c2b29e4a593b1f9b150be6d,Wed Sep 22 2021 22:51:25 GMT-0700 (Pacific Daylight Time),0.01430511474609375
0x6f1d13763c581dbef3842595a2aa5b7b9e7ae4ab,Mon Sep 27 2021 20:44:15 GMT-0700 (Pacific Daylight Time),116553.48872704129
0x82e4d78c6c62d461251fa5a1d4deb9f0fe378e30,Wed Sep 22 2021 23:41:13 GMT-0700 (Pacific Daylight Time),114281.25728883281
0x2b5321c1afddfb6680aafff4df96a209e18dea1c,Mon Sep 27 2021 17:58:05 GMT-0700 (Pacific Daylight Time),283978.8487280198
0xc84f8d68d5822ace53d817d6fbf7191b37729698,Thu Sep 23 2021 00:12:10 GMT-0700 (Pacific Daylight Time),0.2288970947265625
0x47f366ddacd8cfbf1d035c0320f7422da1e919a8,Thu Sep 23 2021 00:12:14 GMT-0700 (Pacific Daylight Time),51475.67922753725
0xa007a78e260c563e2b9a07930169e8c47dfd27b9,Thu Sep 23 2021 01:34:00 GMT-0700 (Pacific Daylight Time),2798.655774620406
0xcc7cc2e94273e694998ba0b3c80306cf031aedb7,Mon Sep 27 2021 03:13:25 GMT-0700 (Pacific Daylight Time),697.3499999999972
0xcd882ea4a38968f5d8ae4d7c77d8c20317a2dda0,Wed Sep 29 2021 01:30:28 GMT-0700 (Pacific Daylight Time),39830.76626874546
0x30a39fcd4d538b3434ea0d2877292cc0f45a79cf,Thu Sep 23 2021 02:44:46 GMT-0700 (Pacific Daylight Time),50587.72333333313
0x82d0cac5ea3abc8e32290b1102873397c997acc7,Thu Sep 23 2021 02:53:28 GMT-0700 (Pacific Daylight Time),0.01430511474609375
0x3f1b1af91538ad424fff41f9495525265e87e4be,Mon Sep 27 2021 20:41:02 GMT-0700 (Pacific Daylight Time),44805.166666666664
0x25d593a3788d872605c69dc41c38637023aec292,Mon Sep 27 2021 04:03:43 GMT-0700 (Pacific Daylight Time),1308.2412499999948
0x8705ebf3a34d1f164cca3ed2db54d5f1b7c439f0,Sun Sep 26 2021 03:51:02 GMT-0700 (Pacific Daylight Time),7288.837516356161
0x1bc836f5844c4e257d19f11da540b051aa550aa4,Thu Sep 23 2021 03:50:52 GMT-0700 (Pacific Daylight Time),0.09441375732421875
0x3ee0ed6b8a321b533d0ab12970943895115d3420,Fri Sep 24 2021 08:15:06 GMT-0700 (Pacific Daylight Time),121316.48182322163
0x88e0a61798a3ced52f7654a5d79a90737f346631,Thu Sep 23 2021 04:59:24 GMT-0700 (Pacific Daylight Time),6540.166666666667
0x887b86b6b6957f7bbea88b8cefd392f39236a88c,Thu Sep 23 2021 06:27:34 GMT-0700 (Pacific Daylight Time),14079.644491018678
0x28a23f0679d435fa70d41a5a9f782f04134cd0d4,Thu Sep 23 2021 07:25:56 GMT-0700 (Pacific Daylight Time),103.13666666666624
0xa4716aea3b3d228515f1b05628217bc43b226b9,Thu Sep 23 2021 07:31:09 GMT-0700 (Pacific Daylight Time),0.019073486328125
0xa4c4141637eac06d6ad22d9e354058eabdca684a,Thu Sep 23 2021 07:57:39 GMT-0700 (Pacific Daylight Time),7640.666666666666
0x7e7af2622cf160710ab353583ed669e294e4d7d9,Thu Sep 23 2021 08:54:27 GMT-0700 (Pacific Daylight Time),17235.401317103726
0xbbc798324eec9d1cbbf6805bf81b828accf80e29,Fri Sep 24 2021 04:40:15 GMT-0700 (Pacific Daylight Time),3281.0337197677586
0xf7b18e107eb36797f4ce36de756630b9c30969ad,Mon Sep 27 2021 04:35:16 GMT-0700 (Pacific Daylight Time),64648.9532719336
0x2d52f7bae61912f7217351443ea8a226996a3def,Thu Sep 23 2021 09:51:47 GMT-0700 (Pacific Daylight Time),4617.833333333333
0x40738ed4567efcdd853267bf84f91fc21af87d4,Sat Sep 25 2021 00:51:45 GMT-0700 (Pacific Daylight Time),57526.16666666667
0x4ca45bf72769affbf9ed3c8171bfac1738854ec2,Thu Sep 23 2021 11:57:44 GMT-0700 (Pacific Daylight Time),15741.166304981569
0x549fd652459eb37b37c20b1e5c71c0d656ffdea6,Fri Sep 24 2021 10:44:00 GMT-0700 (Pacific Daylight Time),0.14305114746093747
0x5b3e5ac87955a526a7ff8589c595bca81d4a341,Thu Sep 23 2021 12:25:15 GMT-0700 (Pacific Daylight Time),318.8062499999987
0x58724adad45a1874840e07070544043aae4c657,Thu Sep 23 2021 13:37:19 GMT-0700 (Pacific Daylight Time),15006.614999999885
0x8bc0cdbf6f45cc79895e4c5cb9bcd7cfe8da74dd,Mon Sep 27 2021 12:20:47 GMT-0700 (Pacific Daylight Time),150323.06847350276
0xc9cef03f9204cd66f395ac2e0bb2626324718718,Thu Sep 23 2021 13:53:37 GMT-0700 (Pacific Daylight Time),606.1666666666666
0xd29da28af28493f43dfccd6c275f0ec1070039bd,Tue Sep 28 2021 21:37:16 GMT-0700 (Pacific Daylight Time),2144.031249999914
0x9af77a9a0a5fa21fec567befa6765187f1a3d762,Thu Sep 23 2021 14:05:35 GMT-0700 (Pacific Daylight Time),4922.145833333314
0xdde7b1103d7bb19982ef9c6d9a348a0c0ea7e132,Thu Sep 23 2021 14:38:36 GMT-0700 (Pacific Daylight Time),8189
0xff0fffc848209f80bd9cd4603626b99abaa71892,Thu Sep 23 2021 15:31:35 GMT-0700 (Pacific Daylight Time),28.090833333333222
0x90720fed7fed66ed658118b7b3bb0189d3a495,Tue Sep 28 2021 12:12:13 GMT-0700 (Pacific Daylight Time),10130.44791666646
0xf45b2b7686d38a435e6158296f0f95041ab163d9,Thu Sep 23 2021 16:34:26 GMT-0700 (Pacific Daylight Time),15343.166666666424
0xa6ca057ff6ea5b5f9db057e595e14eecd8f6d84,Thu Sep 23 2021 17:11:12 GMT-0700 (Pacific Daylight Time),37768.333333333336
0xba818e7f6b208f5a4f7cf282a9248d221144e4e5,Tue Sep 28 2021 22:46:33 GMT-0700 (Pacific Daylight Time),38367.833333333336
0xe65572aeb09776e097ad49ba86b3c39fa4ab533d,Thu Sep 23 2021 17:27:42 GMT-0700 (Pacific Daylight Time),23645.224166666572
0xa97ebd50a2a6e24d56baef13ee01c33ddad358ed,Thu Sep 23 2021 17:54:05 GMT-0700 (Pacific Daylight Time),3406.536746958075
0xd81e1dd9d6d6761ab299f008a52834bb50a8986,Thu Sep 23 2021 19:08:50 GMT-0700 (Pacific Daylight Time),13973.795833333277
0x294491da597a0e78c250d99c3fb815f32df48e28,Thu Sep 23 2021 19:52:45 GMT-0700 (Pacific Daylight Time),0.04386901855468751
0x6273540b8160b2d923652552fade0da98bb10dc5,Tue Sep 28 2021 15:15:08 GMT-0700 (Pacific Daylight Time),58513
0x72b49a5fb2784049bcb857ccb05f5cdc041e7b3e,Thu Sep 23 2021 20:00:50 GMT-0700 (Pacific Daylight Time),15462.271850131063
0xe40a84f18dd4e55aa57d8c3973ff5cf57ab3c521,Thu Sep 23 2021 20:17:01 GMT-0700 (Pacific Daylight Time),15345.169166666563
0xc15b2336797a5a7f3110453598462fbaf4205ab6,Thu Sep 23 2021 21:39:18 GMT-0700 (Pacific Daylight Time),16601.958333333267
0xe191892b9a3bc60a943efd572cf47c7d05a150f3,Thu Sep 23 2021 22:22:57 GMT-0700 (Pacific Daylight Time),0.01430511474609375
0xb1e0a17f60adf263fe79b1fa0d67a86c9770ef9b,Thu Sep 23 2021 22:52:36 GMT-0700 (Pacific Daylight Time),51411.469166666466
0xbb1edb8c64d7baa322fadfd13d4a5db96d02a2e1,Thu Sep 23 2021 23:40:37 GMT-0700 (Pacific Daylight Time),0.01430511474609375
0x9c9190635d46c36452da89c1603216e0377e0e57,Thu Sep 23 2021 23:42:59 GMT-0700 (Pacific Daylight Time),8475
0x726cdc837384a7deb8bbea64beba2e7b4d7346c0,Thu Sep 23 2021 23:48:40 GMT-0700 (Pacific Daylight Time),226904.66666666666
0x23c8d567441471bd903cb9cd61f8fd04182c93b6,Fri Sep 24 2021 01:33:42 GMT-0700 (Pacific Daylight Time),21414.833333333336
0x8404efa98a4e129855c200fc4e90c257078d9ed3,Fri Sep 24 2021 01:39:35 GMT-0700 (Pacific Daylight Time),0.7629547119140625
0x4ef5b4375021f35f3f935dbd0d0b8838a8044875,Fri Sep 24 2021 01:54:09 GMT-0700 (Pacific Daylight Time),1628.8016666666601
0x6adad625b21595f140ef587bf2cf34b65e72250e,Fri Sep 24 2021 02:16:04 GMT-0700 (Pacific Daylight Time),4577.502547277935
0xfb60d608ccc81d6bbc69bd9455e4815cef7f9e04,Fri Sep 24 2021 03:13:18 GMT-0700 (Pacific Daylight Time),0.01430511474609375
0x6a68a76e5a6d376981922b63ea7c5409324f42e9,Fri Sep 24 2021 04:48:53 GMT-0700 (Pacific Daylight Time),17257.404166666598
0xd26a2bd8a59ea00bd836142cc6be9717361a3b51,Fri Sep 24 2021 05:05:13 GMT-0700 (Pacific Daylight Time),0.01430511474609375
0x207ffbec811698d148fb005a71864e9a4ec7712c,Tue Sep 28 2021 04:18:21 GMT-0700 (Pacific Daylight Time),117695.57717829116
0xc81d5e259d28275b177095995f27018f8f3f9903,Fri Sep 24 2021 05:25:56 GMT-0700 (Pacific Daylight Time),0.01430511474609375
0x7302bc5b47f5588174a148c90747a88cb528a8c1,Fri Sep 24 2021 06:28:11 GMT-0700 (Pacific Daylight Time),2038.8333333333335
0x56dc8e8bba3c66b25f2aa34ac30f72c341be6c0d,Fri Sep 24 2021 08:37:10 GMT-0700 (Pacific Daylight Time),1204.4999999999998
0xf3dc235ff7025cef31e76c65c7fa7151f3343874,Fri Sep 24 2021 09:27:03 GMT-0700 (Pacific Daylight Time),0.14400482177734375
0x4fbede53b59d1a2ab85f785ad76e1dcd66a1546a,Sat Sep 25 2021 20:56:03 GMT-0700 (Pacific Daylight Time),55598.333333333336
0x1c60c647b2a02d32468ed3fe11c06e2033dda59c,Fri Sep 24 2021 11:12:23 GMT-0700 (Pacific Daylight Time),1911.3338131781704
0xef728cdeb37a080ab86312e860a956122d3a6252,Mon Sep 27 2021 22:00:46 GMT-0700 (Pacific Daylight Time),15671.819999999992
0xf816abbc2888ab5d21da164f7603c351e0109dd9,Fri Sep 24 2021 15:23:03 GMT-0700 (Pacific Daylight Time),954.0062499999962
0xc11acfc3f529a0401134669415bf7c988dfcbc13,Fri Sep 24 2021 15:39:48 GMT-0700 (Pacific Daylight Time),0.01430511474609375
0x77dd6d40f9a9d86ef2ed672d400ad441948874d9,Fri Sep 24 2021 15:50:29 GMT-0700 (Pacific Daylight Time),15361.172586684903
0xc8d744b4418fd52e6fb540a37fb1b9a8d0204e27,Fri Sep 24 2021 16:03:54 GMT-0700 (Pacific Daylight Time),15191.377954611955
0x6197e53b517b16067a35b05d9030948617e449f0,Fri Sep 24 2021 18:11:36 GMT-0700 (Pacific Daylight Time),0.1621246337890625
0x9056ab0db92ba9fdedb1534cfc975e46a0579678,Fri Sep 24 2021 19:00:57 GMT-0700 (Pacific Daylight Time),0.7679290771484375
0x85591bfabb18be044fa98d72f7093469c588483c,Fri Sep 24 2021 19:23:29 GMT-0700 (Pacific Daylight Time),589.0875120769332
0x157566120d494123039e19348f90f06be740fdc7,Sat Sep 25 2021 15:49:37 GMT-0700 (Pacific Daylight Time),0.1430511474609375
0x435d821ee5b346850545cb18443ca9808a9d47d0,Fri Sep 24 2021 20:36:07 GMT-0700 (Pacific Daylight Time),0.01430511474609375
0x61e0841d103d77325e7743d1ff7117efe7c2c9f6,Sun Sep 26 2021 14:37:03 GMT-0700 (Pacific Daylight Time),69591.34916666639
0xbb5957f56486e5b20f2883be6b4afb2848ff2882,Tue Sep 28 2021 23:22:20 GMT-0700 (Pacific Daylight Time),33570.41666666667
0x5c227544a5d8f7e7033e5172bc452a147379d709,Fri Sep 24 2021 22:25:06 GMT-0700 (Pacific Daylight Time),0.01430511474609375
0x193d1e750dc78702e9d847aeb114c7af19ac6811,Fri Sep 24 2021 22:26:31 GMT-0700 (Pacific Daylight Time),15235.472849999633
0x22e86ab483084053562ce713e94431c29d1adb8b,Fri Sep 24 2021 22:38:26 GMT-0700 (Pacific Daylight Time),0.2345733642578125
0x3fae65391149e987298b87ba8f1578fb5bd3fe36,Tue Sep 28 2021 20:24:59 GMT-0700 (Pacific Daylight Time),3579.691666666652
0xf4c58cf6183162bcd8d2e1d86556799bf2f2093f,Fri Sep 24 2021 22:54:03 GMT-0700 (Pacific Daylight Time),0.01430511474609375
0xa4601f2737c5ea92078581b5e82e69701dc43b23,Fri Sep 24 2021 23:51:37 GMT-0700 (Pacific Daylight Time),2.2888641357421875
0xc1b172595ddc335a9dd80b50117e457ce124bc36,Sat Sep 25 2021 00:40:32 GMT-0700 (Pacific Daylight Time),2578
0xbc195d1fcd98e8f0aa87609d6a27ee061d523bff,Tue Sep 28 2021 15:29:47 GMT-0700 (Pacific Daylight Time),16341.499999999998
0xf11648b0ac91e0e9f7d1fc17e2c1de911f7df93d,Sat Sep 25 2021 02:29:23 GMT-0700 (Pacific Daylight Time),32641.11249999987
0xbd16ea350f19025ad2b92c3325a4d90e1205c7be,Mon Sep 27 2021 04:12:09 GMT-0700 (Pacific Daylight Time),21386.09166666658
0xda59cf2548c4768f66fa6f078a843c24de941049,Tue Sep 28 2021 03:08:45 GMT-0700 (Pacific Daylight Time),50735.83333333333
0x99240b736b5148081653f10b9b4452c644466ab8,Sat Sep 25 2021 06:08:00 GMT-0700 (Pacific Daylight Time),0.01430511474609375
0x5fe8a15dbe1863b37f7e15b1b180af7627548738,Sat Sep 25 2021 06:22:46 GMT-0700 (Pacific Daylight Time),50463.0915322722
0x7baf191cfaa4a0b08991fb728179baaf3917836a,Mon Sep 27 2021 07:44:41 GMT-0700 (Pacific Daylight Time),32808.66295577267
0x446bfbb5185d79dbbfdb77f9ca81c51409c0480b,Sat Sep 25 2021 10:08:11 GMT-0700 (Pacific Daylight Time),15166.34674225451
0xd1070b725dca993c9ccdaf80c6e7c57d626f3f56,Sat Sep 25 2021 10:46:11 GMT-0700 (Pacific Daylight Time),15897.181666666602
0x38a2c957a470373ea4ecf91493bcbf2b4a2ec93,Sat Sep 25 2021 11:23:51 GMT-0700 (Pacific Daylight Time),13864.500000000002
0x26a6dc267e276fded7b40251c8fc08b1b40df367,Tue Sep 28 2021 15:38:08 GMT-0700 (Pacific Daylight Time),33523.83333333333
0xaf8f691603f576142438ed78fb8a3316d36d303b,Sat Sep 25 2021 15:22:50 GMT-0700 (Pacific Daylight Time),7243.8699745203485
0x410ef4df49583daeec7a3cb09f85c2a9ee658afd,Sat Sep 25 2021 17:06:51 GMT-0700 (Pacific Daylight Time),0.04768371582031249
0x1ae6912e08bb3e105a4f0a60f666376d3c7af380,Sat Sep 25 2021 18:20:09 GMT-0700 (Pacific Daylight Time),1632.1981009826484
0x39cd8c06d0f486981f9dd5207e37271bdd5fb023,Sat Sep 25 2021 19:54:09 GMT-0700 (Pacific Daylight Time),20017.23333333301
0xa2b16c27c0766a1df18892f7b0413b4f5806ee4d,Tue Sep 28 2021 16:24:45 GMT-0700 (Pacific Daylight Time),41560.2529359605
0xc18ef67e0f3fdf26f0c1354081aea8254496a7ed,Tue Sep 28 2021 03:32:10 GMT-0700 (Pacific Daylight Time),150202.39305258915
0x2fa8e966d6d0f9ea1f638f74464c1ac8b6a492ec,Sun Sep 26 2021 01:11:57 GMT-0700 (Pacific Daylight Time),170181.1113004511
0xd301f47b6a5c688dba474982574fb95df6cef0ff,Sun Sep 26 2021 10:15:34 GMT-0700 (Pacific Daylight Time),20719.26823495707
0xe350d76165e29ba1770efa72ea3ff32478c49de7,Sun Sep 26 2021 10:21:33 GMT-0700 (Pacific Daylight Time),18102.333333333252
0x26b292487cfe8afda97ffe84d258319d993a0283,Sun Sep 26 2021 13:24:15 GMT-0700 (Pacific Daylight Time),41779.691666665836
0x2701b5d0e417155e7a2b6d6ddfe7f016ed94846e,Sun Sep 26 2021 16:01:01 GMT-0700 (Pacific Daylight Time),15002.164974591826
0x414533f66a8359db22c3b74733826fdfe7fcc72f,Sun Sep 26 2021 16:31:58 GMT-0700 (Pacific Daylight Time),52852.4445206947
0x9d9db07c7474889722ca5dd395bbe43d0a8db0b0,Mon Sep 27 2021 22:24:16 GMT-0700 (Pacific Daylight Time),0.14448165893554688
0x3a63a5b490033cc89361578ecad220890f7f894b,Sun Sep 26 2021 17:26:02 GMT-0700 (Pacific Daylight Time),0.08477096557617188
0x188c30e9a6527f5f0c3f7fe59b72ac7253c62f28,Sun Sep 26 2021 17:38:14 GMT-0700 (Pacific Daylight Time),22454.166666666668
0x7911670881a81f8410d06053d7b3c237ce77b9b4,Sun Sep 26 2021 18:08:03 GMT-0700 (Pacific Daylight Time),15898.333333333332
0x21ead2977c3a0479f168bad318f944457e7aea4b,Mon Sep 27 2021 17:06:29 GMT-0700 (Pacific Daylight Time),228.88749999999908
0x6924686b3dcd04ae8ef91a3feccc262d020f519d,Sun Sep 26 2021 19:01:39 GMT-0700 (Pacific Daylight Time),243365.96681582124
0x97a1341c5c827706bcbc30fb7064ec423262ce92,Sun Sep 26 2021 19:15:12 GMT-0700 (Pacific Daylight Time),50276.166666666664
0x2238c6f75deffad03f61537ce40c434a7c23a7a0,Sun Sep 26 2021 19:43:37 GMT-0700 (Pacific Daylight Time),30056.166666666668
0xad42f7a98ea4985b3f9d0a49108cd2fa56c512e5,Sun Sep 26 2021 20:32:05 GMT-0700 (Pacific Daylight Time),0.04768371582031249
0x6a32b86a82b6593c5b1c95e154eb46fb9962f4c6,Sun Sep 26 2021 20:36:58 GMT-0700 (Pacific Daylight Time),0.2674102783203125
0x25a940bc0cdf97b7a5ba9c76b6b048153f8ee247,Sun Sep 26 2021 20:45:18 GMT-0700 (Pacific Daylight Time),6286.833333333334
0x4f247991a575e21bb5b83195e5d15154d2ef3341,Mon Sep 27 2021 02:02:13 GMT-0700 (Pacific Daylight Time),37751.46339686061
0xf49d7379648199650ab5e7b5d54f503af1246e6,Sun Sep 26 2021 21:02:30 GMT-0700 (Pacific Daylight Time),1313.4999999999998
0xf627e5f4bad95a956468d8bb6ee20b119f992e96,Sun Sep 26 2021 21:17:17 GMT-0700 (Pacific Daylight Time),0.0019073486328125
0x24d0db7e182fcd29ddea14c04bcb182c89cbb0c0,Sun Sep 26 2021 21:56:40 GMT-0700 (Pacific Daylight Time),124471.99829190782
0x9b815dd3e2d30cfef33266fa4c6a7b37bd99edfe,Sun Sep 26 2021 21:59:56 GMT-0700 (Pacific Daylight Time),8368.666666666666
0x98e8494deb48f06ad426555312284055623aa9cf,Sun Sep 26 2021 22:07:29 GMT-0700 (Pacific Daylight Time),14798.5
0xa12a635362203c561845f1090bff55db0b980aa7,Tue Sep 28 2021 21:12:55 GMT-0700 (Pacific Daylight Time),14881.333333333332
0x8f8b4759dc93ca55bd6997df719f20f581f10f5c,Mon Sep 27 2021 23:06:14 GMT-0700 (Pacific Daylight Time),28982.9666666666
0xe5d2f68665a8f8d21b6188d1e455f4e14db6a469,Sun Sep 26 2021 22:25:39 GMT-0700 (Pacific Daylight Time),0.0260797119140625
0x9fecf056375a973308bb3d6fb6b1c230cfd21456,Sun Sep 26 2021 22:42:16 GMT-0700 (Pacific Daylight Time),45485.5732320122
0x2a0059610c92842dc2ef84af76b244c28687e647,Sun Sep 26 2021 22:50:04 GMT-0700 (Pacific Daylight Time),12001.71465105712
0xf9ceeaf31368b870ad5762204e3d0937fb2257b8,Sun Sep 26 2021 23:00:50 GMT-0700 (Pacific Daylight Time),11749.738333333287
0xabc7a4d8f76858573dbba8059ea7a5fd9064b91e,Sun Sep 26 2021 23:09:28 GMT-0700 (Pacific Daylight Time),15154.359919206976
0xda3afa011e9dd20e6571ee70cb3d150b272ff9c0,Tue Sep 28 2021 19:20:13 GMT-0700 (Pacific Daylight Time),0.0476837158203125
0x132db8234171cc9d8a65853cf03d5c0f46c8867e,Mon Sep 27 2021 00:10:25 GMT-0700 (Pacific Daylight Time),6123.904070006793
0x8a83716acd66d9e1fb18c9b79540b72e04f80ac0,Mon Sep 27 2021 00:41:10 GMT-0700 (Pacific Daylight Time),354.1534171874899
0x32d0d496232539c30e4e806c87ff982c43b52d4e,Mon Sep 27 2021 01:58:43 GMT-0700 (Pacific Daylight Time),10205.69249999996
0xb8c30017b375bf675c2836c4c6b6ed5be214739d,Mon Sep 27 2021 02:20:42 GMT-0700 (Pacific Daylight Time),20317.061820662675
0x2a61115ed455999d103d4ad1f0b5953f4fea6559,Mon Sep 27 2021 02:54:45 GMT-0700 (Pacific Daylight Time),0.000476837158203125
0x7bc3b1236358d4cacd65a5160ae6f07b994b1822,Mon Sep 27 2021 02:59:38 GMT-0700 (Pacific Daylight Time),12419.825060470066
0xb2dd6ff33d866bdba2fc4f58d73ca46cc84f5cb7,Mon Sep 27 2021 03:00:38 GMT-0700 (Pacific Daylight Time),7431.512499999971
0xbfb4eb1e26eb58858f5dbf42828d48a63ba85485,Mon Sep 27 2021 03:13:37 GMT-0700 (Pacific Daylight Time),15407.470713099774
0x252d95edd1fa68bcdca548df93a2738294357188,Mon Sep 27 2021 03:29:36 GMT-0700 (Pacific Daylight Time),15325
0x1886de8ba8469e81c4bb4e0afb7dcae5c15e42bc,Mon Sep 27 2021 03:34:51 GMT-0700 (Pacific Daylight Time),0.028774261474609375
0x5d082946dadda4ac0259c4eed8dac62de97078fa,Mon Sep 27 2021 04:30:08 GMT-0700 (Pacific Daylight Time),16648.333333333332
0xb976820bf3b78d5f8e27d7ee5af89d57e5e6067a,Mon Sep 27 2021 04:42:05 GMT-0700 (Pacific Daylight Time),8141.666666666666
0x37b699d7eead58433d352d1c77b2db1391f11ce5,Mon Sep 27 2021 05:02:01 GMT-0700 (Pacific Daylight Time),20761.83333333319
0x2f8256b67828031c61af789124f2c4f642461de0,Mon Sep 27 2021 05:48:32 GMT-0700 (Pacific Daylight Time),23614.490126068395
0xe81119bcf92fa4e9234690df8ad2f35896988a71,Mon Sep 27 2021 06:19:48 GMT-0700 (Pacific Daylight Time),34915.70574945691
0x16beca2e3ae6c7b751828df3e9f4995d61e5fdcb,Mon Sep 27 2021 06:25:20 GMT-0700 (Pacific Daylight Time),11231.886399080593
0xbffc9808424fc904d54653425f6a011f039333ca,Mon Sep 27 2021 07:04:21 GMT-0700 (Pacific Daylight Time),0.01430511474609375
0x4a8b9e2c2940fdd39aceb384654dc59acb58c337,Mon Sep 27 2021 07:21:31 GMT-0700 (Pacific Daylight Time),17402.5
0xf1ab326e9aa8792272471bc47069b9670d7292bb,Mon Sep 27 2021 07:25:18 GMT-0700 (Pacific Daylight Time),27399.22781328824
0x629294cf1eebe9984ac1f8f33cc99396e0b87764,Mon Sep 27 2021 07:29:32 GMT-0700 (Pacific Daylight Time),30037.17385938269
0xcc65f2b00fce51148a2d660c1ed2511fcf67824f,Mon Sep 27 2021 08:31:00 GMT-0700 (Pacific Daylight Time),20.838541666665833
0xa1356800ca03ceaf074d811d3158079ce71ae0b6,Mon Sep 27 2021 08:36:35 GMT-0700 (Pacific Daylight Time),15963.58333333327
0x8441f889a817c739e07ab58d65094098c534ad57,Mon Sep 27 2021 08:52:30 GMT-0700 (Pacific Daylight Time),1219
0x39f6d80f0350de5eae4d06e2b164ad299e4be1e1,Mon Sep 27 2021 09:46:36 GMT-0700 (Pacific Daylight Time),3724.7169931032417
0x1df2c79d6c521710a444f3291adea9ca594dcfeb,Mon Sep 27 2021 10:39:04 GMT-0700 (Pacific Daylight Time),15729.712499999909
0x8418a464f0f51c958d1b57a5fb88d1a9896e8232,Mon Sep 27 2021 10:44:54 GMT-0700 (Pacific Daylight Time),0.06008148193359375
0xe2fa6a4c874e614d6f408cc070734a782554be09,Mon Sep 27 2021 11:04:50 GMT-0700 (Pacific Daylight Time),68327.33333333333
0xe757970b801e5b99ab24c5cd9b5152234cff3001,Mon Sep 27 2021 20:55:58 GMT-0700 (Pacific Daylight Time),101894.03222205295
0x504eec66fa2ba8d44163ad484119db60fd59c70c,Mon Sep 27 2021 13:19:40 GMT-0700 (Pacific Daylight Time),13186.833333333334
0x9d7a76fd386edeb3a871c3a096ca875adc1a55b7,Tue Sep 28 2021 15:52:54 GMT-0700 (Pacific Daylight Time),7706.362254171308
0xe96b20b9931ce9e88510b95b5c16014ff185e2a2,Mon Sep 27 2021 14:34:45 GMT-0700 (Pacific Daylight Time),150003.0141666665
0xec99e132e52b735a7432d9ad0d8b157643f3e259,Mon Sep 27 2021 14:43:29 GMT-0700 (Pacific Daylight Time),7313.541666666638
0xbefdc1b60039955d4f12a461f2ddb51dc15ef3aa,Mon Sep 27 2021 15:30:35 GMT-0700 (Pacific Daylight Time),339.6666666666667
0x6301add4fb128de9778b8651a2a9278b86761423,Mon Sep 27 2021 18:03:54 GMT-0700 (Pacific Daylight Time),9169.551033604788
0xdf0460cbd0d1219785b07f1e19be8a07d7a0db8c,Mon Sep 27 2021 17:19:14 GMT-0700 (Pacific Daylight Time),0.04768371582031249
0x713b8c9f2713a07a43eda78b454beab9d9e96015,Mon Sep 27 2021 17:26:02 GMT-0700 (Pacific Daylight Time),0.23544723510742188
0x3cac32f9ccbca1711472e7832be0d847e353934c,Mon Sep 27 2021 18:04:51 GMT-0700 (Pacific Daylight Time),66244.34693570796
0xfe67489b83bfc9dde9a78ca509e8f703baad5490,Mon Sep 27 2021 18:13:53 GMT-0700 (Pacific Daylight Time),50062.41488212288
0x138f66b1f3830ad6485a5ba9c85d22c582278d76,Mon Sep 27 2021 19:01:37 GMT-0700 (Pacific Daylight Time),6556.34946354428
0xe11d6fe5918820a53c7ab7c4c37183ab29a4b103,Mon Sep 27 2021 19:17:52 GMT-0700 (Pacific Daylight Time),0.04787445068359375
0xdbd296c51b1d32f5d8cc58cd6f8a5f70e6d92d33,Mon Sep 27 2021 19:45:16 GMT-0700 (Pacific Daylight Time),0.0095367431640625
0x7a1f6fc89223c5ebd4e4ddae89ac97629856a0f,Wed Sep 29 2021 01:48:42 GMT-0700 (Pacific Daylight Time),31349.567112572164
0x832f7b8fa10ef43c5398e270476d469949aad377,Mon Sep 27 2021 20:44:15 GMT-0700 (Pacific Daylight Time),0.04768371582031249
0x95c0b05cdf55b7d37cde68b51a42efdd244fa5b6,Mon Sep 27 2021 21:04:59 GMT-0700 (Pacific Daylight Time),0.2835540771484375
0x3710c45d46ad86a868ae03899412b8ab6246f64e,Mon Sep 27 2021 21:06:17 GMT-0700 (Pacific Daylight Time),0.01430511474609375
0xa722fe6058bd1acc0d18a963723d14a4e84f6337,Mon Sep 27 2021 21:33:05 GMT-0700 (Pacific Daylight Time),0.343658447265625
0x464afc365b9a85105e7b58cf429408321c59f37b,Mon Sep 27 2021 22:07:46 GMT-0700 (Pacific Daylight Time),99974.7398494329
0x9cc15dda77789d42c0133c909e88fb6e3af793a,Mon Sep 27 2021 22:08:29 GMT-0700 (Pacific Daylight Time),0.14400482177734375
0xe876b710b38c2e34513c5d2c40027b1cda967578,Mon Sep 27 2021 22:13:52 GMT-0700 (Pacific Daylight Time),23218.873435192592
0xe36fd63e83d9ee7983840f39425923ccd305c50d,Mon Sep 27 2021 22:21:57 GMT-0700 (Pacific Daylight Time),19174.333333333332
0xb62e9f2e6babc43f2e0e38fcf951dc546706b191,Mon Sep 27 2021 23:14:31 GMT-0700 (Pacific Daylight Time),946.3333333333334
0x3db2b10e1e63c52971946de058ff46e0b82ca31c,Mon Sep 27 2021 23:16:57 GMT-0700 (Pacific Daylight Time),20071
0x99c515bc95e43697b38f419d5359a3876b68e538,Mon Sep 27 2021 23:24:04 GMT-0700 (Pacific Daylight Time),230428.8436366713
0x3247da930721fadf467dcfaa2e211fa309381371,Tue Sep 28 2021 00:09:26 GMT-0700 (Pacific Daylight Time),3979.7383333333173
0x6186290b28d511bff971631c916244a9fc539cfe,Tue Sep 28 2021 00:58:51 GMT-0700 (Pacific Daylight Time),20176.376666666652
0x620cb7135d26bfebec3e92af656212e9b104b0e3,Tue Sep 28 2021 01:22:43 GMT-0700 (Pacific Daylight Time),4068.9999999999995
0xef575844bfe8c7872a8ccc9fb2af8318c1550fad,Tue Sep 28 2021 09:57:17 GMT-0700 (Pacific Daylight Time),5564.833333333333
0x6bc66a22e12a1e0ea6d102d955f002d42b144a38,Tue Sep 28 2021 01:37:19 GMT-0700 (Pacific Daylight Time),0.01430511474609375
0x3669968b5220f7a5c8bf8653da9abdebc07fe62a,Tue Sep 28 2021 02:35:09 GMT-0700 (Pacific Daylight Time),15683.535833333272
0x1811d3f843d83791e1c38ea0d3535dfec0c1aff,Tue Sep 28 2021 03:58:34 GMT-0700 (Pacific Daylight Time),2.2971343994140625
0x22f14cb872871a37b1d981b342b865f8a31fbaf9,Tue Sep 28 2021 04:57:37 GMT-0700 (Pacific Daylight Time),1070.8333333333335
0x2e05ee56285363776cb03acdcf8566f2565e9d2,Tue Sep 28 2021 06:46:27 GMT-0700 (Pacific Daylight Time),0.14400482177734375
0xd6b4f304b91a3b67b1db34776ef7e95effbc729,Tue Sep 28 2021 05:45:11 GMT-0700 (Pacific Daylight Time),78928.33333333333
0xfba2c2bbf977eda19ad819bb46787f4c91d1ffad,Tue Sep 28 2021 06:26:38 GMT-0700 (Pacific Daylight Time),113920.3326701729
0x48bd8b901811ae90b6e43efed61c9b9fd8444060,Tue Sep 28 2021 06:46:27 GMT-0700 (Pacific Daylight Time),22607.5
0x8e5cdd1faebeae48b2b2b05d874de75ae7ad720f,Tue Sep 28 2021 06:53:57 GMT-0700 (Pacific Daylight Time),21831.5
0xc887fadc6baaa8cd234d9104a65b37265522b024,Tue Sep 28 2021 07:08:55 GMT-0700 (Pacific Daylight Time),199379.890399999
0x51d8a8f6ab3385fe2f8ef07759bc98f60ba6a130,Tue Sep 28 2021 09:08:53 GMT-0700 (Pacific Daylight Time),842318.1431195168
0x640a3201ea8c6a0ff0319fd487eb4ec057a84fef,Tue Sep 28 2021 10:36:49 GMT-0700 (Pacific Daylight Time),22315.5
0xd30eb4f27acac4d903a92a12a29f3fe758a6849c,Tue Sep 28 2021 12:44:49 GMT-0700 (Pacific Daylight Time),19599.666666666664
0x71729abdd2a714db020321aee2fa76cb5c0268d3,Tue Sep 28 2021 15:26:59 GMT-0700 (Pacific Daylight Time),0.7629547119140625
0xd9c98b1edece244b3c6fb1cc58863b882402a63,Tue Sep 28 2021 16:04:13 GMT-0700 (Pacific Daylight Time),9608.269166666629
0x5dbb3528cd6440717dda228eec22097d2bfd1b81,Tue Sep 28 2021 17:18:00 GMT-0700 (Pacific Daylight Time),1909.1666666666665
0xd0980a0f458fef22e0419c2f32be1c90418cf39c,Tue Sep 28 2021 17:39:59 GMT-0700 (Pacific Daylight Time),0.2304814147949219
0xf4c9c5229356d39b4f852ecf6e08576eebedb0ec,Tue Sep 28 2021 17:45:46 GMT-0700 (Pacific Daylight Time),0.01430511474609375
0x40d3c10d56cc8d90a570fac04daa9fc50da3e1db,Tue Sep 28 2021 18:41:21 GMT-0700 (Pacific Daylight Time),15219.507833069532
0xfa1d7f90fdd5cb77e1274cfe96c710a6a9374f48,Tue Sep 28 2021 22:32:22 GMT-0700 (Pacific Daylight Time),155913.01287618195
0xa11e95ca2be0793c5ad0c4ff20bd6dab0992c6a2,Tue Sep 28 2021 23:04:11 GMT-0700 (Pacific Daylight Time),172414.3947202213
0x2a7f98b3f159dd41e4ae55da11faa86010727cb,Tue Sep 28 2021 23:43:16 GMT-0700 (Pacific Daylight Time),17639.333333333332
0x3b10256766a47d39d3ed484cf7c6c10987d0f33a,Wed Sep 29 2021 00:26:01 GMT-0700 (Pacific Daylight Time),0.2288970947265625
0xb25d1ac9f5bf6c76c31e785ed33335b46b05b37e,Wed Sep 29 2021 00:33:29 GMT-0700 (Pacific Daylight Time),0.01430511474609375
0x576ac8189481f675a179ea96eaa8d8d03c490de3,Wed Sep 29 2021 01:10:28 GMT-0700 (Pacific Daylight Time),0.2307586669921875
0x647d4b320c0c54b75b3f2e7e2e7774737d56ce7d,Wed Sep 29 2021 01:19:26 GMT-0700 (Pacific Daylight Time),0.2291107177734375
0xf02f07dda7cee3e4f875164fa7c296d3ca6d6531,Wed Sep 29 2021 02:39:11 GMT-0700 (Pacific Daylight Time),25542.068689040643
0xcba7f4f44473e32dd01cd863622b2b8797681955,Wed Sep 29 2021 04:14:41 GMT-0700 (Pacific Daylight Time),53.583333333333336
0xe7d0ae1823582e5e6c3a0f9bb0526d380b16edf4,Wed Sep 29 2021 04:20:36 GMT-0700 (Pacific Daylight Time),4347.166666666667
0x3720302e025cf81c8d18ae98dfa44eae665e522c,Wed Sep 29 2021 04:33:22 GMT-0700 (Pacific Daylight Time),15026.333333333332
